source_checkout	root	relative_path	classification	importable	bytes	sha256	resolution
historical_daps	/egr/research-pac/huang248/pr_diffusion_b19_solver/external/daps	.b20_11_lf_guidance_patch_installed	OTHER_ARTIFACT	False	35		NOT_HASHED_NONIMPORTABLE
historical_daps	/egr/research-pac/huang248/pr_diffusion_b19_solver/external/daps	configs/data/b19-ffhq-00000.yaml	DATASET	False	81		NOT_HASHED_NONIMPORTABLE
historical_daps	/egr/research-pac/huang248/pr_diffusion_b19_solver/external/daps	configs/data/b19-ffhq-00004.yaml	DATASET	False	81		NOT_HASHED_NONIMPORTABLE
historical_daps	/egr/research-pac/huang248/pr_diffusion_b19_solver/external/daps	configs/data/b19-ffhq-00005.yaml	DATASET	False	81		NOT_HASHED_NONIMPORTABLE
historical_daps	/egr/research-pac/huang248/pr_diffusion_b19_solver/external/daps	configs/data/b19-ffhq-00007.yaml	DATASET	False	81		NOT_HASHED_NONIMPORTABLE
historical_daps	/egr/research-pac/huang248/pr_diffusion_b19_solver/external/daps	configs/data/b19-ffhq-00008.yaml	DATASET	False	81		NOT_HASHED_NONIMPORTABLE
historical_daps	/egr/research-pac/huang248/pr_diffusion_b19_solver/external/daps	configs/data/b19-ffhq-00009.yaml	DATASET	False	81		NOT_HASHED_NONIMPORTABLE
historical_daps	/egr/research-pac/huang248/pr_diffusion_b19_solver/external/daps	configs/data/b19-ffhq-00010.yaml	DATASET	False	81		NOT_HASHED_NONIMPORTABLE
historical_daps	/egr/research-pac/huang248/pr_diffusion_b19_solver/external/daps	configs/data/b19-ffhq-00011.yaml	DATASET	False	81		NOT_HASHED_NONIMPORTABLE
historical_daps	/egr/research-pac/huang248/pr_diffusion_b19_solver/external/daps	configs/data/b19-ffhq-00012.yaml	DATASET	False	81		NOT_HASHED_NONIMPORTABLE
historical_daps	/egr/research-pac/huang248/pr_diffusion_b19_solver/external/daps	configs/data/b19-ffhq-00013.yaml	DATASET	False	81		NOT_HASHED_NONIMPORTABLE
historical_daps	/egr/research-pac/huang248/pr_diffusion_b19_solver/external/daps	configs/data/b19-ffhq-00014.yaml	DATASET	False	81		NOT_HASHED_NONIMPORTABLE
historical_daps	/egr/research-pac/huang248/pr_diffusion_b19_solver/external/daps	configs/data/b19-ffhq-00015.yaml	DATASET	False	81		NOT_HASHED_NONIMPORTABLE
historical_daps	/egr/research-pac/huang248/pr_diffusion_b19_solver/external/daps	configs/data/b19-ffhq-00016.yaml	DATASET	False	81		NOT_HASHED_NONIMPORTABLE
historical_daps	/egr/research-pac/huang248/pr_diffusion_b19_solver/external/daps	configs/data/b19-ffhq-00017.yaml	DATASET	False	81		NOT_HASHED_NONIMPORTABLE
historical_daps	/egr/research-pac/huang248/pr_diffusion_b19_solver/external/daps	configs/data/b19-ffhq-00018.yaml	DATASET	False	81		NOT_HASHED_NONIMPORTABLE
historical_daps	/egr/research-pac/huang248/pr_diffusion_b19_solver/external/daps	configs/data/b19-ffhq-00019.yaml	DATASET	False	81		NOT_HASHED_NONIMPORTABLE
historical_daps	/egr/research-pac/huang248/pr_diffusion_b19_solver/external/daps	configs/data/b19-ffhq-00020.yaml	DATASET	False	81		NOT_HASHED_NONIMPORTABLE
historical_daps	/egr/research-pac/huang248/pr_diffusion_b19_solver/external/daps	configs/data/b19-ffhq-00025.yaml	DATASET	False	81		NOT_HASHED_NONIMPORTABLE
historical_daps	/egr/research-pac/huang248/pr_diffusion_b19_solver/external/daps	configs/data/b19-ffhq-00027.yaml	DATASET	False	81		NOT_HASHED_NONIMPORTABLE
historical_daps	/egr/research-pac/huang248/pr_diffusion_b19_solver/external/daps	configs/data/b19-ffhq-00028.yaml	DATASET	False	81		NOT_HASHED_NONIMPORTABLE
historical_daps	/egr/research-pac/huang248/pr_diffusion_b19_solver/external/daps	configs/data/b19-ffhq-00029.yaml	DATASET	False	81		NOT_HASHED_NONIMPORTABLE
historical_daps	/egr/research-pac/huang248/pr_diffusion_b19_solver/external/daps	configs/data/b19-ffhq-00032.yaml	DATASET	False	81		NOT_HASHED_NONIMPORTABLE
historical_daps	/egr/research-pac/huang248/pr_diffusion_b19_solver/external/daps	configs/data/b19-ffhq-00034.yaml	DATASET	False	81		NOT_HASHED_NONIMPORTABLE
historical_daps	/egr/research-pac/huang248/pr_diffusion_b19_solver/external/daps	configs/data/b19-ffhq-00037.yaml	DATASET	False	81		NOT_HASHED_NONIMPORTABLE
historical_daps	/egr/research-pac/huang248/pr_diffusion_b19_solver/external/daps	configs/data/b19-ffhq-00039.yaml	DATASET	False	81		NOT_HASHED_NONIMPORTABLE
historical_daps	/egr/research-pac/huang248/pr_diffusion_b19_solver/external/daps	configs/data/b19-ffhq-00040.yaml	DATASET	False	81		NOT_HASHED_NONIMPORTABLE
historical_daps	/egr/research-pac/huang248/pr_diffusion_b19_solver/external/daps	configs/data/b19-ffhq-00046.yaml	DATASET	False	81		NOT_HASHED_NONIMPORTABLE
historical_daps	/egr/research-pac/huang248/pr_diffusion_b19_solver/external/daps	configs/data/b19-ffhq-00091.yaml	DATASET	False	81		NOT_HASHED_NONIMPORTABLE
historical_daps	/egr/research-pac/huang248/pr_diffusion_b19_solver/external/daps	configs/data/b19-ffhq-00093.yaml	DATASET	False	81		NOT_HASHED_NONIMPORTABLE
historical_daps	/egr/research-pac/huang248/pr_diffusion_b19_solver/external/daps	configs/data/b19-ffhq-00096.yaml	DATASET	False	81		NOT_HASHED_NONIMPORTABLE
historical_daps	/egr/research-pac/huang248/pr_diffusion_b19_solver/external/daps	configs/data/b19-ffhq-00101.yaml	DATASET	False	81		NOT_HASHED_NONIMPORTABLE
historical_daps	/egr/research-pac/huang248/pr_diffusion_b19_solver/external/daps	configs/data/b19-ffhq-00109.yaml	DATASET	False	81		NOT_HASHED_NONIMPORTABLE
historical_daps	/egr/research-pac/huang248/pr_diffusion_b19_solver/external/daps	configs/data/b19-ffhq-00116.yaml	DATASET	False	81		NOT_HASHED_NONIMPORTABLE
historical_daps	/egr/research-pac/huang248/pr_diffusion_b19_solver/external/daps	configs/data/b19-ffhq-00117.yaml	DATASET	False	81		NOT_HASHED_NONIMPORTABLE
historical_daps	/egr/research-pac/huang248/pr_diffusion_b19_solver/external/daps	configs/data/b19-ffhq-00123.yaml	DATASET	False	81		NOT_HASHED_NONIMPORTABLE
historical_daps	/egr/research-pac/huang248/pr_diffusion_b19_solver/external/daps	configs/data/b19-ffhq-00136.yaml	DATASET	False	81		NOT_HASHED_NONIMPORTABLE
historical_daps	/egr/research-pac/huang248/pr_diffusion_b19_solver/external/daps	configs/data/b19-ffhq-00145.yaml	DATASET	False	81		NOT_HASHED_NONIMPORTABLE
historical_daps	/egr/research-pac/huang248/pr_diffusion_b19_solver/external/daps	configs/data/b19-ffhq-00147.yaml	DATASET	False	81		NOT_HASHED_NONIMPORTABLE
historical_daps	/egr/research-pac/huang248/pr_diffusion_b19_solver/external/daps	configs/data/b19-ffhq-00154.yaml	DATASET	False	81		NOT_HASHED_NONIMPORTABLE
historical_daps	/egr/research-pac/huang248/pr_diffusion_b19_solver/external/daps	configs/data/b19-ffhq-00166.yaml	DATASET	False	81		NOT_HASHED_NONIMPORTABLE
historical_daps	/egr/research-pac/huang248/pr_diffusion_b19_solver/external/daps	configs/data/b19-ffhq-00171.yaml	DATASET	False	81		NOT_HASHED_NONIMPORTABLE
historical_daps	/egr/research-pac/huang248/pr_diffusion_b19_solver/external/daps	configs/data/b19-ffhq-00180.yaml	DATASET	False	81		NOT_HASHED_NONIMPORTABLE
historical_daps	/egr/research-pac/huang248/pr_diffusion_b19_solver/external/daps	configs/data/b19-ffhq-00191.yaml	DATASET	False	81		NOT_HASHED_NONIMPORTABLE
historical_daps	/egr/research-pac/huang248/pr_diffusion_b19_solver/external/daps	configs/data/b19-ffhq-00198.yaml	DATASET	False	81		NOT_HASHED_NONIMPORTABLE
historical_daps	/egr/research-pac/huang248/pr_diffusion_b19_solver/external/daps	configs/data/b19-ffhq-00206.yaml	DATASET	False	81		NOT_HASHED_NONIMPORTABLE
historical_daps	/egr/research-pac/huang248/pr_diffusion_b19_solver/external/daps	configs/data/b19-ffhq-00208.yaml	DATASET	False	81		NOT_HASHED_NONIMPORTABLE
historical_daps	/egr/research-pac/huang248/pr_diffusion_b19_solver/external/daps	configs/data/b19-ffhq-00209.yaml	DATASET	False	81		NOT_HASHED_NONIMPORTABLE
historical_daps	/egr/research-pac/huang248/pr_diffusion_b19_solver/external/daps	configs/data/b19-ffhq-00217.yaml	DATASET	False	81		NOT_HASHED_NONIMPORTABLE
historical_daps	/egr/research-pac/huang248/pr_diffusion_b19_solver/external/daps	configs/data/b19-ffhq-00221.yaml	DATASET	False	81		NOT_HASHED_NONIMPORTABLE
historical_daps	/egr/research-pac/huang248/pr_diffusion_b19_solver/external/daps	configs/data/b19-ffhq-00224.yaml	DATASET	False	81		NOT_HASHED_NONIMPORTABLE
historical_daps	/egr/research-pac/huang248/pr_diffusion_b19_solver/external/daps	configs/data/b19-ffhq-00230.yaml	DATASET	False	81		NOT_HASHED_NONIMPORTABLE
historical_daps	/egr/research-pac/huang248/pr_diffusion_b19_solver/external/daps	configs/data/b19-ffhq-00247.yaml	DATASET	False	81		NOT_HASHED_NONIMPORTABLE
historical_daps	/egr/research-pac/huang248/pr_diffusion_b19_solver/external/daps	configs/data/b19-ffhq-00253.yaml	DATASET	False	81		NOT_HASHED_NONIMPORTABLE
historical_daps	/egr/research-pac/huang248/pr_diffusion_b19_solver/external/daps	configs/data/b19-ffhq-00256.yaml	DATASET	False	81		NOT_HASHED_NONIMPORTABLE
historical_daps	/egr/research-pac/huang248/pr_diffusion_b19_solver/external/daps	configs/data/b19-ffhq-00272.yaml	DATASET	False	81		NOT_HASHED_NONIMPORTABLE
historical_daps	/egr/research-pac/huang248/pr_diffusion_b19_solver/external/daps	configs/data/b19-ffhq-00306.yaml	DATASET	False	81		NOT_HASHED_NONIMPORTABLE
historical_daps	/egr/research-pac/huang248/pr_diffusion_b19_solver/external/daps	configs/data/b19-ffhq-00318.yaml	DATASET	False	81		NOT_HASHED_NONIMPORTABLE
historical_daps	/egr/research-pac/huang248/pr_diffusion_b19_solver/external/daps	configs/data/b19-ffhq-00331.yaml	DATASET	False	81		NOT_HASHED_NONIMPORTABLE
historical_daps	/egr/research-pac/huang248/pr_diffusion_b19_solver/external/daps	configs/data/b19-ffhq-00335.yaml	DATASET	False	81		NOT_HASHED_NONIMPORTABLE
historical_daps	/egr/research-pac/huang248/pr_diffusion_b19_solver/external/daps	configs/data/b19-ffhq-00344.yaml	DATASET	False	81		NOT_HASHED_NONIMPORTABLE
historical_daps	/egr/research-pac/huang248/pr_diffusion_b19_solver/external/daps	configs/data/b19-ffhq-00346.yaml	DATASET	False	81		NOT_HASHED_NONIMPORTABLE
historical_daps	/egr/research-pac/huang248/pr_diffusion_b19_solver/external/daps	configs/data/b19-ffhq-00352.yaml	DATASET	False	81		NOT_HASHED_NONIMPORTABLE
historical_daps	/egr/research-pac/huang248/pr_diffusion_b19_solver/external/daps	configs/data/b19-ffhq-00353.yaml	DATASET	False	81		NOT_HASHED_NONIMPORTABLE
historical_daps	/egr/research-pac/huang248/pr_diffusion_b19_solver/external/daps	configs/data/b19-ffhq-00359.yaml	DATASET	False	81		NOT_HASHED_NONIMPORTABLE
historical_daps	/egr/research-pac/huang248/pr_diffusion_b19_solver/external/daps	configs/data/b19-ffhq-00360.yaml	DATASET	False	81		NOT_HASHED_NONIMPORTABLE
historical_daps	/egr/research-pac/huang248/pr_diffusion_b19_solver/external/daps	configs/data/b19-ffhq-00364.yaml	DATASET	False	81		NOT_HASHED_NONIMPORTABLE
historical_daps	/egr/research-pac/huang248/pr_diffusion_b19_solver/external/daps	configs/data/b19-ffhq-00367.yaml	DATASET	False	81		NOT_HASHED_NONIMPORTABLE
historical_daps	/egr/research-pac/huang248/pr_diffusion_b19_solver/external/daps	configs/data/b19-ffhq-00368.yaml	DATASET	False	81		NOT_HASHED_NONIMPORTABLE
historical_daps	/egr/research-pac/huang248/pr_diffusion_b19_solver/external/daps	configs/data/b19-ffhq-00381.yaml	DATASET	False	81		NOT_HASHED_NONIMPORTABLE
historical_daps	/egr/research-pac/huang248/pr_diffusion_b19_solver/external/daps	configs/data/b19-ffhq-00385.yaml	DATASET	False	81		NOT_HASHED_NONIMPORTABLE
historical_daps	/egr/research-pac/huang248/pr_diffusion_b19_solver/external/daps	configs/data/b19-ffhq-00393.yaml	DATASET	False	81		NOT_HASHED_NONIMPORTABLE
historical_daps	/egr/research-pac/huang248/pr_diffusion_b19_solver/external/daps	configs/data/b19-ffhq-00403.yaml	DATASET	False	81		NOT_HASHED_NONIMPORTABLE
historical_daps	/egr/research-pac/huang248/pr_diffusion_b19_solver/external/daps	configs/data/b19-ffhq-00404.yaml	DATASET	False	81		NOT_HASHED_NONIMPORTABLE
historical_daps	/egr/research-pac/huang248/pr_diffusion_b19_solver/external/daps	configs/data/b19-ffhq-00411.yaml	DATASET	False	81		NOT_HASHED_NONIMPORTABLE
historical_daps	/egr/research-pac/huang248/pr_diffusion_b19_solver/external/daps	configs/data/b19-ffhq-00438.yaml	DATASET	False	81		NOT_HASHED_NONIMPORTABLE
historical_daps	/egr/research-pac/huang248/pr_diffusion_b19_solver/external/daps	configs/data/b19-ffhq-00456.yaml	DATASET	False	81		NOT_HASHED_NONIMPORTABLE
historical_daps	/egr/research-pac/huang248/pr_diffusion_b19_solver/external/daps	configs/data/b19-ffhq-00460.yaml	DATASET	False	81		NOT_HASHED_NONIMPORTABLE
historical_daps	/egr/research-pac/huang248/pr_diffusion_b19_solver/external/daps	configs/data/b19-ffhq-00478.yaml	DATASET	False	81		NOT_HASHED_NONIMPORTABLE
historical_daps	/egr/research-pac/huang248/pr_diffusion_b19_solver/external/daps	configs/data/b19-ffhq-00480.yaml	DATASET	False	81		NOT_HASHED_NONIMPORTABLE
historical_daps	/egr/research-pac/huang248/pr_diffusion_b19_solver/external/daps	configs/data/b19-ffhq-00506.yaml	DATASET	False	81		NOT_HASHED_NONIMPORTABLE
historical_daps	/egr/research-pac/huang248/pr_diffusion_b19_solver/external/daps	configs/data/b19-ffhq-00520.yaml	DATASET	False	81		NOT_HASHED_NONIMPORTABLE
historical_daps	/egr/research-pac/huang248/pr_diffusion_b19_solver/external/daps	configs/data/b19-ffhq-00523.yaml	DATASET	False	81		NOT_HASHED_NONIMPORTABLE
historical_daps	/egr/research-pac/huang248/pr_diffusion_b19_solver/external/daps	configs/data/b19-ffhq-00536.yaml	DATASET	False	81		NOT_HASHED_NONIMPORTABLE
historical_daps	/egr/research-pac/huang248/pr_diffusion_b19_solver/external/daps	configs/data/b19-ffhq-00542.yaml	DATASET	False	81		NOT_HASHED_NONIMPORTABLE
historical_daps	/egr/research-pac/huang248/pr_diffusion_b19_solver/external/daps	configs/data/b19-ffhq-00552.yaml	DATASET	False	81		NOT_HASHED_NONIMPORTABLE
historical_daps	/egr/research-pac/huang248/pr_diffusion_b19_solver/external/daps	configs/data/b19-ffhq-00579.yaml	DATASET	False	81		NOT_HASHED_NONIMPORTABLE
historical_daps	/egr/research-pac/huang248/pr_diffusion_b19_solver/external/daps	configs/data/b19-ffhq-00592.yaml	DATASET	False	81		NOT_HASHED_NONIMPORTABLE
historical_daps	/egr/research-pac/huang248/pr_diffusion_b19_solver/external/daps	configs/data/b19-ffhq-00594.yaml	DATASET	False	81		NOT_HASHED_NONIMPORTABLE
historical_daps	/egr/research-pac/huang248/pr_diffusion_b19_solver/external/daps	configs/data/b19-ffhq-00599.yaml	DATASET	False	81		NOT_HASHED_NONIMPORTABLE
historical_daps	/egr/research-pac/huang248/pr_diffusion_b19_solver/external/daps	configs/data/b19-ffhq-00657.yaml	DATASET	False	81		NOT_HASHED_NONIMPORTABLE
historical_daps	/egr/research-pac/huang248/pr_diffusion_b19_solver/external/daps	configs/data/b19-ffhq-00662.yaml	DATASET	False	81		NOT_HASHED_NONIMPORTABLE
historical_daps	/egr/research-pac/huang248/pr_diffusion_b19_solver/external/daps	configs/data/b19-ffhq-00684.yaml	DATASET	False	81		NOT_HASHED_NONIMPORTABLE
historical_daps	/egr/research-pac/huang248/pr_diffusion_b19_solver/external/daps	configs/data/b19-ffhq-00697.yaml	DATASET	False	81		NOT_HASHED_NONIMPORTABLE
historical_daps	/egr/research-pac/huang248/pr_diffusion_b19_solver/external/daps	configs/data/b19-ffhq-00700.yaml	DATASET	False	81		NOT_HASHED_NONIMPORTABLE
historical_daps	/egr/research-pac/huang248/pr_diffusion_b19_solver/external/daps	configs/data/b19-ffhq-00703.yaml	DATASET	False	81		NOT_HASHED_NONIMPORTABLE
historical_daps	/egr/research-pac/huang248/pr_diffusion_b19_solver/external/daps	configs/data/b19-ffhq-00714.yaml	DATASET	False	81		NOT_HASHED_NONIMPORTABLE
historical_daps	/egr/research-pac/huang248/pr_diffusion_b19_solver/external/daps	configs/data/b19-ffhq-00727.yaml	DATASET	False	81		NOT_HASHED_NONIMPORTABLE
historical_daps	/egr/research-pac/huang248/pr_diffusion_b19_solver/external/daps	configs/data/b19-ffhq-00740.yaml	DATASET	False	81		NOT_HASHED_NONIMPORTABLE
historical_daps	/egr/research-pac/huang248/pr_diffusion_b19_solver/external/daps	configs/data/b19-ffhq-00746.yaml	DATASET	False	81		NOT_HASHED_NONIMPORTABLE
historical_daps	/egr/research-pac/huang248/pr_diffusion_b19_solver/external/daps	configs/data/b19-ffhq-00753.yaml	DATASET	False	81		NOT_HASHED_NONIMPORTABLE
historical_daps	/egr/research-pac/huang248/pr_diffusion_b19_solver/external/daps	configs/data/b19-ffhq-00754.yaml	DATASET	False	81		NOT_HASHED_NONIMPORTABLE
historical_daps	/egr/research-pac/huang248/pr_diffusion_b19_solver/external/daps	configs/data/b19-ffhq-00770.yaml	DATASET	False	81		NOT_HASHED_NONIMPORTABLE
historical_daps	/egr/research-pac/huang248/pr_diffusion_b19_solver/external/daps	configs/data/b19-ffhq-00784.yaml	DATASET	False	81		NOT_HASHED_NONIMPORTABLE
historical_daps	/egr/research-pac/huang248/pr_diffusion_b19_solver/external/daps	configs/data/b19-ffhq-00816.yaml	DATASET	False	81		NOT_HASHED_NONIMPORTABLE
historical_daps	/egr/research-pac/huang248/pr_diffusion_b19_solver/external/daps	configs/data/b19-ffhq-00822.yaml	DATASET	False	81		NOT_HASHED_NONIMPORTABLE
historical_daps	/egr/research-pac/huang248/pr_diffusion_b19_solver/external/daps	configs/data/b19-ffhq-00823.yaml	DATASET	False	81		NOT_HASHED_NONIMPORTABLE
historical_daps	/egr/research-pac/huang248/pr_diffusion_b19_solver/external/daps	configs/data/b19-ffhq-00824.yaml	DATASET	False	81		NOT_HASHED_NONIMPORTABLE
historical_daps	/egr/research-pac/huang248/pr_diffusion_b19_solver/external/daps	configs/data/b19-ffhq-00836.yaml	DATASET	False	81		NOT_HASHED_NONIMPORTABLE
historical_daps	/egr/research-pac/huang248/pr_diffusion_b19_solver/external/daps	configs/data/b19-ffhq-00870.yaml	DATASET	False	81		NOT_HASHED_NONIMPORTABLE
historical_daps	/egr/research-pac/huang248/pr_diffusion_b19_solver/external/daps	configs/data/b19-ffhq-00889.yaml	DATASET	False	81		NOT_HASHED_NONIMPORTABLE
historical_daps	/egr/research-pac/huang248/pr_diffusion_b19_solver/external/daps	configs/data/b19-ffhq-00890.yaml	DATASET	False	81		NOT_HASHED_NONIMPORTABLE
historical_daps	/egr/research-pac/huang248/pr_diffusion_b19_solver/external/daps	configs/data/b19-ffhq-00895.yaml	DATASET	False	81		NOT_HASHED_NONIMPORTABLE
historical_daps	/egr/research-pac/huang248/pr_diffusion_b19_solver/external/daps	configs/data/b19-ffhq-00904.yaml	DATASET	False	81		NOT_HASHED_NONIMPORTABLE
historical_daps	/egr/research-pac/huang248/pr_diffusion_b19_solver/external/daps	configs/data/b19-ffhq-00906.yaml	DATASET	False	81		NOT_HASHED_NONIMPORTABLE
historical_daps	/egr/research-pac/huang248/pr_diffusion_b19_solver/external/daps	configs/data/b19-ffhq-00910.yaml	DATASET	False	81		NOT_HASHED_NONIMPORTABLE
historical_daps	/egr/research-pac/huang248/pr_diffusion_b19_solver/external/daps	configs/data/b19-ffhq-00926.yaml	DATASET	False	81		NOT_HASHED_NONIMPORTABLE
historical_daps	/egr/research-pac/huang248/pr_diffusion_b19_solver/external/daps	configs/data/b19-ffhq-00929.yaml	DATASET	False	81		NOT_HASHED_NONIMPORTABLE
historical_daps	/egr/research-pac/huang248/pr_diffusion_b19_solver/external/daps	configs/data/b19-ffhq-00937.yaml	DATASET	False	81		NOT_HASHED_NONIMPORTABLE
historical_daps	/egr/research-pac/huang248/pr_diffusion_b19_solver/external/daps	configs/data/b19-ffhq-00947.yaml	DATASET	False	81		NOT_HASHED_NONIMPORTABLE
historical_daps	/egr/research-pac/huang248/pr_diffusion_b19_solver/external/daps	configs/data/b19-ffhq-00951.yaml	DATASET	False	81		NOT_HASHED_NONIMPORTABLE
historical_daps	/egr/research-pac/huang248/pr_diffusion_b19_solver/external/daps	configs/data/b19-ffhq-00959.yaml	DATASET	False	81		NOT_HASHED_NONIMPORTABLE
historical_daps	/egr/research-pac/huang248/pr_diffusion_b19_solver/external/daps	configs/data/b19-ffhq-00968.yaml	DATASET	False	81		NOT_HASHED_NONIMPORTABLE
historical_daps	/egr/research-pac/huang248/pr_diffusion_b19_solver/external/daps	configs/data/b19-ffhq-00971.yaml	DATASET	False	81		NOT_HASHED_NONIMPORTABLE
historical_daps	/egr/research-pac/huang248/pr_diffusion_b19_solver/external/daps	configs/data/b19-ffhq-00995.yaml	DATASET	False	81		NOT_HASHED_NONIMPORTABLE
historical_daps	/egr/research-pac/huang248/pr_diffusion_b19_solver/external/daps	configs/data/b19-ffhq-00999.yaml	DATASET	False	81		NOT_HASHED_NONIMPORTABLE
historical_daps	/egr/research-pac/huang248/pr_diffusion_b19_solver/external/daps	configs/data/b20-ffhq-00046.yaml	DATASET	False	81		NOT_HASHED_NONIMPORTABLE
historical_daps	/egr/research-pac/huang248/pr_diffusion_b19_solver/external/daps	configs/data/b20-ffhq-00096.yaml	DATASET	False	81		NOT_HASHED_NONIMPORTABLE
historical_daps	/egr/research-pac/huang248/pr_diffusion_b19_solver/external/daps	configs/data/b20-ffhq-00109.yaml	DATASET	False	81		NOT_HASHED_NONIMPORTABLE
historical_daps	/egr/research-pac/huang248/pr_diffusion_b19_solver/external/daps	configs/data/b20-ffhq-00116.yaml	DATASET	False	81		NOT_HASHED_NONIMPORTABLE
historical_daps	/egr/research-pac/huang248/pr_diffusion_b19_solver/external/daps	configs/data/b20-ffhq-00136.yaml	DATASET	False	81		NOT_HASHED_NONIMPORTABLE
historical_daps	/egr/research-pac/huang248/pr_diffusion_b19_solver/external/daps	configs/data/b20-ffhq-00154.yaml	DATASET	False	81		NOT_HASHED_NONIMPORTABLE
historical_daps	/egr/research-pac/huang248/pr_diffusion_b19_solver/external/daps	configs/data/b20-ffhq-00171.yaml	DATASET	False	81		NOT_HASHED_NONIMPORTABLE
historical_daps	/egr/research-pac/huang248/pr_diffusion_b19_solver/external/daps	configs/data/b20-ffhq-00180.yaml	DATASET	False	81		NOT_HASHED_NONIMPORTABLE
historical_daps	/egr/research-pac/huang248/pr_diffusion_b19_solver/external/daps	configs/data/b20-ffhq-00198.yaml	DATASET	False	81		NOT_HASHED_NONIMPORTABLE
historical_daps	/egr/research-pac/huang248/pr_diffusion_b19_solver/external/daps	configs/data/b20-ffhq-00206.yaml	DATASET	False	81		NOT_HASHED_NONIMPORTABLE
historical_daps	/egr/research-pac/huang248/pr_diffusion_b19_solver/external/daps	configs/data/b20-ffhq-00224.yaml	DATASET	False	81		NOT_HASHED_NONIMPORTABLE
historical_daps	/egr/research-pac/huang248/pr_diffusion_b19_solver/external/daps	configs/data/b20-ffhq-00253.yaml	DATASET	False	81		NOT_HASHED_NONIMPORTABLE
historical_daps	/egr/research-pac/huang248/pr_diffusion_b19_solver/external/daps	configs/data/b20-ffhq-00272.yaml	DATASET	False	81		NOT_HASHED_NONIMPORTABLE
historical_daps	/egr/research-pac/huang248/pr_diffusion_b19_solver/external/daps	configs/data/b20-ffhq-00352.yaml	DATASET	False	81		NOT_HASHED_NONIMPORTABLE
historical_daps	/egr/research-pac/huang248/pr_diffusion_b19_solver/external/daps	configs/data/b20-ffhq-00359.yaml	DATASET	False	81		NOT_HASHED_NONIMPORTABLE
historical_daps	/egr/research-pac/huang248/pr_diffusion_b19_solver/external/daps	configs/data/b20-ffhq-00364.yaml	DATASET	False	81		NOT_HASHED_NONIMPORTABLE
historical_daps	/egr/research-pac/huang248/pr_diffusion_b19_solver/external/daps	configs/data/b20-ffhq-00367.yaml	DATASET	False	81		NOT_HASHED_NONIMPORTABLE
historical_daps	/egr/research-pac/huang248/pr_diffusion_b19_solver/external/daps	configs/data/b20-ffhq-00403.yaml	DATASET	False	81		NOT_HASHED_NONIMPORTABLE
historical_daps	/egr/research-pac/huang248/pr_diffusion_b19_solver/external/daps	configs/data/b20-ffhq-00404.yaml	DATASET	False	81		NOT_HASHED_NONIMPORTABLE
historical_daps	/egr/research-pac/huang248/pr_diffusion_b19_solver/external/daps	configs/data/b20-ffhq-00460.yaml	DATASET	False	81		NOT_HASHED_NONIMPORTABLE
historical_daps	/egr/research-pac/huang248/pr_diffusion_b19_solver/external/daps	configs/data/b20-ffhq-00480.yaml	DATASET	False	81		NOT_HASHED_NONIMPORTABLE
historical_daps	/egr/research-pac/huang248/pr_diffusion_b19_solver/external/daps	configs/data/b20-ffhq-00594.yaml	DATASET	False	81		NOT_HASHED_NONIMPORTABLE
historical_daps	/egr/research-pac/huang248/pr_diffusion_b19_solver/external/daps	configs/data/b20-ffhq-00599.yaml	DATASET	False	81		NOT_HASHED_NONIMPORTABLE
historical_daps	/egr/research-pac/huang248/pr_diffusion_b19_solver/external/daps	configs/data/b20-ffhq-00684.yaml	DATASET	False	81		NOT_HASHED_NONIMPORTABLE
historical_daps	/egr/research-pac/huang248/pr_diffusion_b19_solver/external/daps	configs/data/b20-ffhq-00700.yaml	DATASET	False	81		NOT_HASHED_NONIMPORTABLE
historical_daps	/egr/research-pac/huang248/pr_diffusion_b19_solver/external/daps	configs/data/b20-ffhq-00703.yaml	DATASET	False	81		NOT_HASHED_NONIMPORTABLE
historical_daps	/egr/research-pac/huang248/pr_diffusion_b19_solver/external/daps	configs/data/b20-ffhq-00746.yaml	DATASET	False	81		NOT_HASHED_NONIMPORTABLE
historical_daps	/egr/research-pac/huang248/pr_diffusion_b19_solver/external/daps	configs/data/b20-ffhq-00947.yaml	DATASET	False	81		NOT_HASHED_NONIMPORTABLE
historical_daps	/egr/research-pac/huang248/pr_diffusion_b19_solver/external/daps	configs/data/b20-ffhq-00971.yaml	DATASET	False	81		NOT_HASHED_NONIMPORTABLE
historical_daps	/egr/research-pac/huang248/pr_diffusion_b19_solver/external/daps	configs/data/b21-ffhq-00046.yaml	DATASET	False	81		NOT_HASHED_NONIMPORTABLE
historical_daps	/egr/research-pac/huang248/pr_diffusion_b19_solver/external/daps	configs/data/b21-ffhq-00171.yaml	DATASET	False	81		NOT_HASHED_NONIMPORTABLE
historical_daps	/egr/research-pac/huang248/pr_diffusion_b19_solver/external/daps	configs/data/b21-ffhq-00224.yaml	DATASET	False	81		NOT_HASHED_NONIMPORTABLE
historical_daps	/egr/research-pac/huang248/pr_diffusion_b19_solver/external/daps	configs/data/b21-ffhq-00746.yaml	DATASET	False	81		NOT_HASHED_NONIMPORTABLE
historical_daps	/egr/research-pac/huang248/pr_diffusion_b19_solver/external/daps	configs/data/b21-ffhq-00971.yaml	DATASET	False	81		NOT_HASHED_NONIMPORTABLE
historical_daps	/egr/research-pac/huang248/pr_diffusion_b19_solver/external/daps	configs/data/b21-fresh-ffhq-62802.yaml	DATASET	False	87		NOT_HASHED_NONIMPORTABLE
historical_daps	/egr/research-pac/huang248/pr_diffusion_b19_solver/external/daps	configs/data/b21-fresh-ffhq-63282.yaml	DATASET	False	87		NOT_HASHED_NONIMPORTABLE
historical_daps	/egr/research-pac/huang248/pr_diffusion_b19_solver/external/daps	configs/data/b21-fresh-ffhq-63803.yaml	DATASET	False	87		NOT_HASHED_NONIMPORTABLE
historical_daps	/egr/research-pac/huang248/pr_diffusion_b19_solver/external/daps	configs/data/b21-fresh-ffhq-65808.yaml	DATASET	False	87		NOT_HASHED_NONIMPORTABLE
historical_daps	/egr/research-pac/huang248/pr_diffusion_b19_solver/external/daps	configs/data/b21-fresh-ffhq-65960.yaml	DATASET	False	87		NOT_HASHED_NONIMPORTABLE
historical_daps	/egr/research-pac/huang248/pr_diffusion_b19_solver/external/daps	configs/data/b21-fresh-ffhq-66452.yaml	DATASET	False	87		NOT_HASHED_NONIMPORTABLE
historical_daps	/egr/research-pac/huang248/pr_diffusion_b19_solver/external/daps	configs/data/b21-fresh-ffhq-66892.yaml	DATASET	False	87		NOT_HASHED_NONIMPORTABLE
historical_daps	/egr/research-pac/huang248/pr_diffusion_b19_solver/external/daps	configs/data/b21-fresh-ffhq-68263.yaml	DATASET	False	87		NOT_HASHED_NONIMPORTABLE
historical_daps	/egr/research-pac/huang248/pr_diffusion_b19_solver/external/daps	configs/data/b21-fresh-ffhq-68924.yaml	DATASET	False	87		NOT_HASHED_NONIMPORTABLE
historical_daps	/egr/research-pac/huang248/pr_diffusion_b19_solver/external/daps	configs/data/b21-fresh-ffhq-69293.yaml	DATASET	False	87		NOT_HASHED_NONIMPORTABLE
historical_daps	/egr/research-pac/huang248/pr_diffusion_b19_solver/external/daps	configs/data/b21-fresh2-final-ffhq-60044.yaml	DATASET	False	94		NOT_HASHED_NONIMPORTABLE
historical_daps	/egr/research-pac/huang248/pr_diffusion_b19_solver/external/daps	configs/data/b21-fresh2-final-ffhq-60140.yaml	DATASET	False	94		NOT_HASHED_NONIMPORTABLE
historical_daps	/egr/research-pac/huang248/pr_diffusion_b19_solver/external/daps	configs/data/b21-fresh2-final-ffhq-60814.yaml	DATASET	False	94		NOT_HASHED_NONIMPORTABLE
historical_daps	/egr/research-pac/huang248/pr_diffusion_b19_solver/external/daps	configs/data/b21-fresh2-final-ffhq-60860.yaml	DATASET	False	94		NOT_HASHED_NONIMPORTABLE
historical_daps	/egr/research-pac/huang248/pr_diffusion_b19_solver/external/daps	configs/data/b21-fresh2-final-ffhq-61043.yaml	DATASET	False	94		NOT_HASHED_NONIMPORTABLE
historical_daps	/egr/research-pac/huang248/pr_diffusion_b19_solver/external/daps	configs/data/b21-fresh2-final-ffhq-61101.yaml	DATASET	False	94		NOT_HASHED_NONIMPORTABLE
historical_daps	/egr/research-pac/huang248/pr_diffusion_b19_solver/external/daps	configs/data/b21-fresh2-final-ffhq-61252.yaml	DATASET	False	94		NOT_HASHED_NONIMPORTABLE
historical_daps	/egr/research-pac/huang248/pr_diffusion_b19_solver/external/daps	configs/data/b21-fresh2-final-ffhq-61290.yaml	DATASET	False	94		NOT_HASHED_NONIMPORTABLE
historical_daps	/egr/research-pac/huang248/pr_diffusion_b19_solver/external/daps	configs/data/b21-fresh2-final-ffhq-61306.yaml	DATASET	False	94		NOT_HASHED_NONIMPORTABLE
historical_daps	/egr/research-pac/huang248/pr_diffusion_b19_solver/external/daps	configs/data/b21-fresh2-final-ffhq-61669.yaml	DATASET	False	94		NOT_HASHED_NONIMPORTABLE
historical_daps	/egr/research-pac/huang248/pr_diffusion_b19_solver/external/daps	configs/data/b21-fresh2-final-ffhq-61688.yaml	DATASET	False	94		NOT_HASHED_NONIMPORTABLE
historical_daps	/egr/research-pac/huang248/pr_diffusion_b19_solver/external/daps	configs/data/b21-fresh2-final-ffhq-61749.yaml	DATASET	False	94		NOT_HASHED_NONIMPORTABLE
historical_daps	/egr/research-pac/huang248/pr_diffusion_b19_solver/external/daps	configs/data/b21-fresh2-final-ffhq-61863.yaml	DATASET	False	94		NOT_HASHED_NONIMPORTABLE
historical_daps	/egr/research-pac/huang248/pr_diffusion_b19_solver/external/daps	configs/data/b21-fresh2-final-ffhq-61904.yaml	DATASET	False	94		NOT_HASHED_NONIMPORTABLE
historical_daps	/egr/research-pac/huang248/pr_diffusion_b19_solver/external/daps	configs/data/b21-fresh2-final-ffhq-61978.yaml	DATASET	False	94		NOT_HASHED_NONIMPORTABLE
historical_daps	/egr/research-pac/huang248/pr_diffusion_b19_solver/external/daps	configs/data/b21-fresh2-final-ffhq-61981.yaml	DATASET	False	94		NOT_HASHED_NONIMPORTABLE
historical_daps	/egr/research-pac/huang248/pr_diffusion_b19_solver/external/daps	configs/data/b21-fresh2-final-ffhq-62024.yaml	DATASET	False	94		NOT_HASHED_NONIMPORTABLE
historical_daps	/egr/research-pac/huang248/pr_diffusion_b19_solver/external/daps	configs/data/b21-fresh2-final-ffhq-62313.yaml	DATASET	False	94		NOT_HASHED_NONIMPORTABLE
historical_daps	/egr/research-pac/huang248/pr_diffusion_b19_solver/external/daps	configs/data/b21-fresh2-final-ffhq-62484.yaml	DATASET	False	94		NOT_HASHED_NONIMPORTABLE
historical_daps	/egr/research-pac/huang248/pr_diffusion_b19_solver/external/daps	configs/data/b21-fresh2-final-ffhq-62600.yaml	DATASET	False	94		NOT_HASHED_NONIMPORTABLE
historical_daps	/egr/research-pac/huang248/pr_diffusion_b19_solver/external/daps	configs/data/b21-fresh2-final-ffhq-62739.yaml	DATASET	False	94		NOT_HASHED_NONIMPORTABLE
historical_daps	/egr/research-pac/huang248/pr_diffusion_b19_solver/external/daps	configs/data/b21-fresh2-final-ffhq-62837.yaml	DATASET	False	94		NOT_HASHED_NONIMPORTABLE
historical_daps	/egr/research-pac/huang248/pr_diffusion_b19_solver/external/daps	configs/data/b21-fresh2-final-ffhq-62881.yaml	DATASET	False	94		NOT_HASHED_NONIMPORTABLE
historical_daps	/egr/research-pac/huang248/pr_diffusion_b19_solver/external/daps	configs/data/b21-fresh2-final-ffhq-62908.yaml	DATASET	False	94		NOT_HASHED_NONIMPORTABLE
historical_daps	/egr/research-pac/huang248/pr_diffusion_b19_solver/external/daps	configs/data/b21-fresh2-final-ffhq-62931.yaml	DATASET	False	94		NOT_HASHED_NONIMPORTABLE
historical_daps	/egr/research-pac/huang248/pr_diffusion_b19_solver/external/daps	configs/data/b21-fresh2-final-ffhq-62988.yaml	DATASET	False	94		NOT_HASHED_NONIMPORTABLE
historical_daps	/egr/research-pac/huang248/pr_diffusion_b19_solver/external/daps	configs/data/b21-fresh2-final-ffhq-63013.yaml	DATASET	False	94		NOT_HASHED_NONIMPORTABLE
historical_daps	/egr/research-pac/huang248/pr_diffusion_b19_solver/external/daps	configs/data/b21-fresh2-final-ffhq-63050.yaml	DATASET	False	94		NOT_HASHED_NONIMPORTABLE
historical_daps	/egr/research-pac/huang248/pr_diffusion_b19_solver/external/daps	configs/data/b21-fresh2-final-ffhq-63296.yaml	DATASET	False	94		NOT_HASHED_NONIMPORTABLE
historical_daps	/egr/research-pac/huang248/pr_diffusion_b19_solver/external/daps	configs/data/b21-fresh2-final-ffhq-63550.yaml	DATASET	False	94		NOT_HASHED_NONIMPORTABLE
historical_daps	/egr/research-pac/huang248/pr_diffusion_b19_solver/external/daps	configs/data/b21-fresh2-final-ffhq-63812.yaml	DATASET	False	94		NOT_HASHED_NONIMPORTABLE
historical_daps	/egr/research-pac/huang248/pr_diffusion_b19_solver/external/daps	configs/data/b21-fresh2-final-ffhq-63995.yaml	DATASET	False	94		NOT_HASHED_NONIMPORTABLE
historical_daps	/egr/research-pac/huang248/pr_diffusion_b19_solver/external/daps	configs/data/b21-fresh2-final-ffhq-64022.yaml	DATASET	False	94		NOT_HASHED_NONIMPORTABLE
historical_daps	/egr/research-pac/huang248/pr_diffusion_b19_solver/external/daps	configs/data/b21-fresh2-final-ffhq-64159.yaml	DATASET	False	94		NOT_HASHED_NONIMPORTABLE
historical_daps	/egr/research-pac/huang248/pr_diffusion_b19_solver/external/daps	configs/data/b21-fresh2-final-ffhq-64518.yaml	DATASET	False	94		NOT_HASHED_NONIMPORTABLE
historical_daps	/egr/research-pac/huang248/pr_diffusion_b19_solver/external/daps	configs/data/b21-fresh2-final-ffhq-64587.yaml	DATASET	False	94		NOT_HASHED_NONIMPORTABLE
historical_daps	/egr/research-pac/huang248/pr_diffusion_b19_solver/external/daps	configs/data/b21-fresh2-final-ffhq-64695.yaml	DATASET	False	94		NOT_HASHED_NONIMPORTABLE
historical_daps	/egr/research-pac/huang248/pr_diffusion_b19_solver/external/daps	configs/data/b21-fresh2-final-ffhq-64738.yaml	DATASET	False	94		NOT_HASHED_NONIMPORTABLE
historical_daps	/egr/research-pac/huang248/pr_diffusion_b19_solver/external/daps	configs/data/b21-fresh2-final-ffhq-64749.yaml	DATASET	False	94		NOT_HASHED_NONIMPORTABLE
historical_daps	/egr/research-pac/huang248/pr_diffusion_b19_solver/external/daps	configs/data/b21-fresh2-final-ffhq-64823.yaml	DATASET	False	94		NOT_HASHED_NONIMPORTABLE
historical_daps	/egr/research-pac/huang248/pr_diffusion_b19_solver/external/daps	configs/data/b21-fresh2-final-ffhq-64854.yaml	DATASET	False	94		NOT_HASHED_NONIMPORTABLE
historical_daps	/egr/research-pac/huang248/pr_diffusion_b19_solver/external/daps	configs/data/b21-fresh2-final-ffhq-64885.yaml	DATASET	False	94		NOT_HASHED_NONIMPORTABLE
historical_daps	/egr/research-pac/huang248/pr_diffusion_b19_solver/external/daps	configs/data/b21-fresh2-final-ffhq-65003.yaml	DATASET	False	94		NOT_HASHED_NONIMPORTABLE
historical_daps	/egr/research-pac/huang248/pr_diffusion_b19_solver/external/daps	configs/data/b21-fresh2-final-ffhq-65033.yaml	DATASET	False	94		NOT_HASHED_NONIMPORTABLE
historical_daps	/egr/research-pac/huang248/pr_diffusion_b19_solver/external/daps	configs/data/b21-fresh2-final-ffhq-65120.yaml	DATASET	False	94		NOT_HASHED_NONIMPORTABLE
historical_daps	/egr/research-pac/huang248/pr_diffusion_b19_solver/external/daps	configs/data/b21-fresh2-final-ffhq-65223.yaml	DATASET	False	94		NOT_HASHED_NONIMPORTABLE
historical_daps	/egr/research-pac/huang248/pr_diffusion_b19_solver/external/daps	configs/data/b21-fresh2-final-ffhq-65269.yaml	DATASET	False	94		NOT_HASHED_NONIMPORTABLE
historical_daps	/egr/research-pac/huang248/pr_diffusion_b19_solver/external/daps	configs/data/b21-fresh2-final-ffhq-65271.yaml	DATASET	False	94		NOT_HASHED_NONIMPORTABLE
historical_daps	/egr/research-pac/huang248/pr_diffusion_b19_solver/external/daps	configs/data/b21-fresh2-final-ffhq-65286.yaml	DATASET	False	94		NOT_HASHED_NONIMPORTABLE
historical_daps	/egr/research-pac/huang248/pr_diffusion_b19_solver/external/daps	configs/data/b21-fresh2-final-ffhq-65327.yaml	DATASET	False	94		NOT_HASHED_NONIMPORTABLE
historical_daps	/egr/research-pac/huang248/pr_diffusion_b19_solver/external/daps	configs/data/b21-fresh2-final-ffhq-65329.yaml	DATASET	False	94		NOT_HASHED_NONIMPORTABLE
historical_daps	/egr/research-pac/huang248/pr_diffusion_b19_solver/external/daps	configs/data/b21-fresh2-final-ffhq-65352.yaml	DATASET	False	94		NOT_HASHED_NONIMPORTABLE
historical_daps	/egr/research-pac/huang248/pr_diffusion_b19_solver/external/daps	configs/data/b21-fresh2-final-ffhq-65365.yaml	DATASET	False	94		NOT_HASHED_NONIMPORTABLE
historical_daps	/egr/research-pac/huang248/pr_diffusion_b19_solver/external/daps	configs/data/b21-fresh2-final-ffhq-65449.yaml	DATASET	False	94		NOT_HASHED_NONIMPORTABLE
historical_daps	/egr/research-pac/huang248/pr_diffusion_b19_solver/external/daps	configs/data/b21-fresh2-final-ffhq-65470.yaml	DATASET	False	94		NOT_HASHED_NONIMPORTABLE
historical_daps	/egr/research-pac/huang248/pr_diffusion_b19_solver/external/daps	configs/data/b21-fresh2-final-ffhq-65553.yaml	DATASET	False	94		NOT_HASHED_NONIMPORTABLE
historical_daps	/egr/research-pac/huang248/pr_diffusion_b19_solver/external/daps	configs/data/b21-fresh2-final-ffhq-65811.yaml	DATASET	False	94		NOT_HASHED_NONIMPORTABLE
historical_daps	/egr/research-pac/huang248/pr_diffusion_b19_solver/external/daps	configs/data/b21-fresh2-final-ffhq-65949.yaml	DATASET	False	94		NOT_HASHED_NONIMPORTABLE
historical_daps	/egr/research-pac/huang248/pr_diffusion_b19_solver/external/daps	configs/data/b21-fresh2-final-ffhq-66101.yaml	DATASET	False	94		NOT_HASHED_NONIMPORTABLE
historical_daps	/egr/research-pac/huang248/pr_diffusion_b19_solver/external/daps	configs/data/b21-fresh2-final-ffhq-66145.yaml	DATASET	False	94		NOT_HASHED_NONIMPORTABLE
historical_daps	/egr/research-pac/huang248/pr_diffusion_b19_solver/external/daps	configs/data/b21-fresh2-final-ffhq-66427.yaml	DATASET	False	94		NOT_HASHED_NONIMPORTABLE
historical_daps	/egr/research-pac/huang248/pr_diffusion_b19_solver/external/daps	configs/data/b21-fresh2-final-ffhq-66591.yaml	DATASET	False	94		NOT_HASHED_NONIMPORTABLE
historical_daps	/egr/research-pac/huang248/pr_diffusion_b19_solver/external/daps	configs/data/b21-fresh2-final-ffhq-66631.yaml	DATASET	False	94		NOT_HASHED_NONIMPORTABLE
historical_daps	/egr/research-pac/huang248/pr_diffusion_b19_solver/external/daps	configs/data/b21-fresh2-final-ffhq-66668.yaml	DATASET	False	94		NOT_HASHED_NONIMPORTABLE
historical_daps	/egr/research-pac/huang248/pr_diffusion_b19_solver/external/daps	configs/data/b21-fresh2-final-ffhq-66683.yaml	DATASET	False	94		NOT_HASHED_NONIMPORTABLE
historical_daps	/egr/research-pac/huang248/pr_diffusion_b19_solver/external/daps	configs/data/b21-fresh2-final-ffhq-66715.yaml	DATASET	False	94		NOT_HASHED_NONIMPORTABLE
historical_daps	/egr/research-pac/huang248/pr_diffusion_b19_solver/external/daps	configs/data/b21-fresh2-final-ffhq-66724.yaml	DATASET	False	94		NOT_HASHED_NONIMPORTABLE
historical_daps	/egr/research-pac/huang248/pr_diffusion_b19_solver/external/daps	configs/data/b21-fresh2-final-ffhq-66752.yaml	DATASET	False	94		NOT_HASHED_NONIMPORTABLE
historical_daps	/egr/research-pac/huang248/pr_diffusion_b19_solver/external/daps	configs/data/b21-fresh2-final-ffhq-66776.yaml	DATASET	False	94		NOT_HASHED_NONIMPORTABLE
historical_daps	/egr/research-pac/huang248/pr_diffusion_b19_solver/external/daps	configs/data/b21-fresh2-final-ffhq-66889.yaml	DATASET	False	94		NOT_HASHED_NONIMPORTABLE
historical_daps	/egr/research-pac/huang248/pr_diffusion_b19_solver/external/daps	configs/data/b21-fresh2-final-ffhq-66907.yaml	DATASET	False	94		NOT_HASHED_NONIMPORTABLE
historical_daps	/egr/research-pac/huang248/pr_diffusion_b19_solver/external/daps	configs/data/b21-fresh2-final-ffhq-67158.yaml	DATASET	False	94		NOT_HASHED_NONIMPORTABLE
historical_daps	/egr/research-pac/huang248/pr_diffusion_b19_solver/external/daps	configs/data/b21-fresh2-final-ffhq-67174.yaml	DATASET	False	94		NOT_HASHED_NONIMPORTABLE
historical_daps	/egr/research-pac/huang248/pr_diffusion_b19_solver/external/daps	configs/data/b21-fresh2-final-ffhq-67185.yaml	DATASET	False	94		NOT_HASHED_NONIMPORTABLE
historical_daps	/egr/research-pac/huang248/pr_diffusion_b19_solver/external/daps	configs/data/b21-fresh2-final-ffhq-67293.yaml	DATASET	False	94		NOT_HASHED_NONIMPORTABLE
historical_daps	/egr/research-pac/huang248/pr_diffusion_b19_solver/external/daps	configs/data/b21-fresh2-final-ffhq-67418.yaml	DATASET	False	94		NOT_HASHED_NONIMPORTABLE
historical_daps	/egr/research-pac/huang248/pr_diffusion_b19_solver/external/daps	configs/data/b21-fresh2-final-ffhq-67520.yaml	DATASET	False	94		NOT_HASHED_NONIMPORTABLE
historical_daps	/egr/research-pac/huang248/pr_diffusion_b19_solver/external/daps	configs/data/b21-fresh2-final-ffhq-67687.yaml	DATASET	False	94		NOT_HASHED_NONIMPORTABLE
historical_daps	/egr/research-pac/huang248/pr_diffusion_b19_solver/external/daps	configs/data/b21-fresh2-final-ffhq-67948.yaml	DATASET	False	94		NOT_HASHED_NONIMPORTABLE
historical_daps	/egr/research-pac/huang248/pr_diffusion_b19_solver/external/daps	configs/data/b21-fresh2-final-ffhq-68016.yaml	DATASET	False	94		NOT_HASHED_NONIMPORTABLE
historical_daps	/egr/research-pac/huang248/pr_diffusion_b19_solver/external/daps	configs/data/b21-fresh2-final-ffhq-68248.yaml	DATASET	False	94		NOT_HASHED_NONIMPORTABLE
historical_daps	/egr/research-pac/huang248/pr_diffusion_b19_solver/external/daps	configs/data/b21-fresh2-final-ffhq-68303.yaml	DATASET	False	94		NOT_HASHED_NONIMPORTABLE
historical_daps	/egr/research-pac/huang248/pr_diffusion_b19_solver/external/daps	configs/data/b21-fresh2-final-ffhq-68357.yaml	DATASET	False	94		NOT_HASHED_NONIMPORTABLE
historical_daps	/egr/research-pac/huang248/pr_diffusion_b19_solver/external/daps	configs/data/b21-fresh2-final-ffhq-68539.yaml	DATASET	False	94		NOT_HASHED_NONIMPORTABLE
historical_daps	/egr/research-pac/huang248/pr_diffusion_b19_solver/external/daps	configs/data/b21-fresh2-final-ffhq-68681.yaml	DATASET	False	94		NOT_HASHED_NONIMPORTABLE
historical_daps	/egr/research-pac/huang248/pr_diffusion_b19_solver/external/daps	configs/data/b21-fresh2-final-ffhq-68700.yaml	DATASET	False	94		NOT_HASHED_NONIMPORTABLE
historical_daps	/egr/research-pac/huang248/pr_diffusion_b19_solver/external/daps	configs/data/b21-fresh2-final-ffhq-68743.yaml	DATASET	False	94		NOT_HASHED_NONIMPORTABLE
historical_daps	/egr/research-pac/huang248/pr_diffusion_b19_solver/external/daps	configs/data/b21-fresh2-final-ffhq-68943.yaml	DATASET	False	94		NOT_HASHED_NONIMPORTABLE
historical_daps	/egr/research-pac/huang248/pr_diffusion_b19_solver/external/daps	configs/data/b21-fresh2-final-ffhq-69073.yaml	DATASET	False	94		NOT_HASHED_NONIMPORTABLE
historical_daps	/egr/research-pac/huang248/pr_diffusion_b19_solver/external/daps	configs/data/b21-fresh2-final-ffhq-69075.yaml	DATASET	False	94		NOT_HASHED_NONIMPORTABLE
historical_daps	/egr/research-pac/huang248/pr_diffusion_b19_solver/external/daps	configs/data/b21-fresh2-final-ffhq-69359.yaml	DATASET	False	94		NOT_HASHED_NONIMPORTABLE
historical_daps	/egr/research-pac/huang248/pr_diffusion_b19_solver/external/daps	configs/data/b21-fresh2-final-ffhq-69368.yaml	DATASET	False	94		NOT_HASHED_NONIMPORTABLE
historical_daps	/egr/research-pac/huang248/pr_diffusion_b19_solver/external/daps	configs/data/b21-fresh2-final-ffhq-69377.yaml	DATASET	False	94		NOT_HASHED_NONIMPORTABLE
historical_daps	/egr/research-pac/huang248/pr_diffusion_b19_solver/external/daps	configs/data/b21-fresh2-final-ffhq-69418.yaml	DATASET	False	94		NOT_HASHED_NONIMPORTABLE
historical_daps	/egr/research-pac/huang248/pr_diffusion_b19_solver/external/daps	configs/data/b21-fresh2-final-ffhq-69473.yaml	DATASET	False	94		NOT_HASHED_NONIMPORTABLE
historical_daps	/egr/research-pac/huang248/pr_diffusion_b19_solver/external/daps	configs/data/b21-fresh2-final-ffhq-69521.yaml	DATASET	False	94		NOT_HASHED_NONIMPORTABLE
historical_daps	/egr/research-pac/huang248/pr_diffusion_b19_solver/external/daps	configs/data/b21-fresh2-final-ffhq-69578.yaml	DATASET	False	94		NOT_HASHED_NONIMPORTABLE
historical_daps	/egr/research-pac/huang248/pr_diffusion_b19_solver/external/daps	configs/data/b21-fresh2-final-ffhq-69688.yaml	DATASET	False	94		NOT_HASHED_NONIMPORTABLE
historical_daps	/egr/research-pac/huang248/pr_diffusion_b19_solver/external/daps	configs/data/b21-fresh2-final-ffhq-69951.yaml	DATASET	False	94		NOT_HASHED_NONIMPORTABLE
historical_daps	/egr/research-pac/huang248/pr_diffusion_b19_solver/external/daps	configs/data/b21-fresh2-final-ffhq-69970.yaml	DATASET	False	94		NOT_HASHED_NONIMPORTABLE
historical_daps	/egr/research-pac/huang248/pr_diffusion_b19_solver/external/daps	configs/data/b21-fresh3-val-ffhq-60067.yaml	DATASET	False	92		NOT_HASHED_NONIMPORTABLE
historical_daps	/egr/research-pac/huang248/pr_diffusion_b19_solver/external/daps	configs/data/b21-fresh3-val-ffhq-62957.yaml	DATASET	False	92		NOT_HASHED_NONIMPORTABLE
historical_daps	/egr/research-pac/huang248/pr_diffusion_b19_solver/external/daps	configs/data/b21-fresh3-val-ffhq-63135.yaml	DATASET	False	92		NOT_HASHED_NONIMPORTABLE
historical_daps	/egr/research-pac/huang248/pr_diffusion_b19_solver/external/daps	configs/data/b21-fresh3-val-ffhq-63199.yaml	DATASET	False	92		NOT_HASHED_NONIMPORTABLE
historical_daps	/egr/research-pac/huang248/pr_diffusion_b19_solver/external/daps	configs/data/b21-fresh3-val-ffhq-63319.yaml	DATASET	False	92		NOT_HASHED_NONIMPORTABLE
historical_daps	/egr/research-pac/huang248/pr_diffusion_b19_solver/external/daps	configs/data/b21-fresh3-val-ffhq-63368.yaml	DATASET	False	92		NOT_HASHED_NONIMPORTABLE
historical_daps	/egr/research-pac/huang248/pr_diffusion_b19_solver/external/daps	configs/data/b21-fresh3-val-ffhq-63678.yaml	DATASET	False	92		NOT_HASHED_NONIMPORTABLE
historical_daps	/egr/research-pac/huang248/pr_diffusion_b19_solver/external/daps	configs/data/b21-fresh3-val-ffhq-64050.yaml	DATASET	False	92		NOT_HASHED_NONIMPORTABLE
historical_daps	/egr/research-pac/huang248/pr_diffusion_b19_solver/external/daps	configs/data/b21-fresh3-val-ffhq-64116.yaml	DATASET	False	92		NOT_HASHED_NONIMPORTABLE
historical_daps	/egr/research-pac/huang248/pr_diffusion_b19_solver/external/daps	configs/data/b21-fresh3-val-ffhq-64471.yaml	DATASET	False	92		NOT_HASHED_NONIMPORTABLE
historical_daps	/egr/research-pac/huang248/pr_diffusion_b19_solver/external/daps	configs/data/b21-fresh3-val-ffhq-64542.yaml	DATASET	False	92		NOT_HASHED_NONIMPORTABLE
historical_daps	/egr/research-pac/huang248/pr_diffusion_b19_solver/external/daps	configs/data/b21-fresh3-val-ffhq-65317.yaml	DATASET	False	92		NOT_HASHED_NONIMPORTABLE
historical_daps	/egr/research-pac/huang248/pr_diffusion_b19_solver/external/daps	configs/data/b21-fresh3-val-ffhq-65656.yaml	DATASET	False	92		NOT_HASHED_NONIMPORTABLE
historical_daps	/egr/research-pac/huang248/pr_diffusion_b19_solver/external/daps	configs/data/b21-fresh3-val-ffhq-66511.yaml	DATASET	False	92		NOT_HASHED_NONIMPORTABLE
historical_daps	/egr/research-pac/huang248/pr_diffusion_b19_solver/external/daps	configs/data/b21-fresh3-val-ffhq-66731.yaml	DATASET	False	92		NOT_HASHED_NONIMPORTABLE
historical_daps	/egr/research-pac/huang248/pr_diffusion_b19_solver/external/daps	configs/data/b21-fresh3-val-ffhq-67092.yaml	DATASET	False	92		NOT_HASHED_NONIMPORTABLE
historical_daps	/egr/research-pac/huang248/pr_diffusion_b19_solver/external/daps	configs/data/b21-fresh3-val-ffhq-67673.yaml	DATASET	False	92		NOT_HASHED_NONIMPORTABLE
historical_daps	/egr/research-pac/huang248/pr_diffusion_b19_solver/external/daps	configs/data/b21-fresh3-val-ffhq-68111.yaml	DATASET	False	92		NOT_HASHED_NONIMPORTABLE
historical_daps	/egr/research-pac/huang248/pr_diffusion_b19_solver/external/daps	configs/data/b21-fresh3-val-ffhq-68922.yaml	DATASET	False	92		NOT_HASHED_NONIMPORTABLE
historical_daps	/egr/research-pac/huang248/pr_diffusion_b19_solver/external/daps	configs/data/b21-fresh3-val-ffhq-69441.yaml	DATASET	False	92		NOT_HASHED_NONIMPORTABLE
official_sitcom	/egr/research-pac/huang248/external/SITCOM_ODE	__pycache__/data.cpython-311.pyc	CACHE	False	7210		NOT_HASHED_NONIMPORTABLE
official_sitcom	/egr/research-pac/huang248/external/SITCOM_ODE	__pycache__/data.cpython-38.pyc	CACHE	False	4747		NOT_HASHED_NONIMPORTABLE
official_sitcom	/egr/research-pac/huang248/external/SITCOM_ODE	__pycache__/eval.cpython-311.pyc	CACHE	False	15139		NOT_HASHED_NONIMPORTABLE
official_sitcom	/egr/research-pac/huang248/external/SITCOM_ODE	__pycache__/eval.cpython-38.pyc	CACHE	False	8690		NOT_HASHED_NONIMPORTABLE
official_sitcom	/egr/research-pac/huang248/external/SITCOM_ODE	__pycache__/sampler.cpython-311.pyc	CACHE	False	27417		NOT_HASHED_NONIMPORTABLE
official_sitcom	/egr/research-pac/huang248/external/SITCOM_ODE	__pycache__/sampler.cpython-38.pyc	CACHE	False	16855		NOT_HASHED_NONIMPORTABLE
official_sitcom	/egr/research-pac/huang248/external/SITCOM_ODE	checkpoint/ffhq256.pt	OTHER_ARTIFACT	False			NOT_HASHED_NONIMPORTABLE
official_sitcom	/egr/research-pac/huang248/external/SITCOM_ODE	dataset/ffhq_available25/00000.png	DATASET	False			NOT_HASHED_NONIMPORTABLE
official_sitcom	/egr/research-pac/huang248/external/SITCOM_ODE	dataset/ffhq_available25/00001.png	DATASET	False			NOT_HASHED_NONIMPORTABLE
official_sitcom	/egr/research-pac/huang248/external/SITCOM_ODE	dataset/ffhq_available25/00002.png	DATASET	False			NOT_HASHED_NONIMPORTABLE
official_sitcom	/egr/research-pac/huang248/external/SITCOM_ODE	dataset/ffhq_available25/00003.png	DATASET	False			NOT_HASHED_NONIMPORTABLE
official_sitcom	/egr/research-pac/huang248/external/SITCOM_ODE	dataset/ffhq_available25/00004.png	DATASET	False			NOT_HASHED_NONIMPORTABLE
official_sitcom	/egr/research-pac/huang248/external/SITCOM_ODE	dataset/ffhq_available25/00005.png	DATASET	False			NOT_HASHED_NONIMPORTABLE
official_sitcom	/egr/research-pac/huang248/external/SITCOM_ODE	dataset/ffhq_available25/00006.png	DATASET	False			NOT_HASHED_NONIMPORTABLE
official_sitcom	/egr/research-pac/huang248/external/SITCOM_ODE	dataset/ffhq_available25/00007.png	DATASET	False			NOT_HASHED_NONIMPORTABLE
official_sitcom	/egr/research-pac/huang248/external/SITCOM_ODE	dataset/ffhq_available25/00008.png	DATASET	False			NOT_HASHED_NONIMPORTABLE
official_sitcom	/egr/research-pac/huang248/external/SITCOM_ODE	dataset/ffhq_available25/00009.png	DATASET	False			NOT_HASHED_NONIMPORTABLE
official_sitcom	/egr/research-pac/huang248/external/SITCOM_ODE	dataset/ffhq_available25/00010.png	DATASET	False			NOT_HASHED_NONIMPORTABLE
official_sitcom	/egr/research-pac/huang248/external/SITCOM_ODE	dataset/ffhq_available25/00011.png	DATASET	False			NOT_HASHED_NONIMPORTABLE
official_sitcom	/egr/research-pac/huang248/external/SITCOM_ODE	dataset/ffhq_available25/00012.png	DATASET	False			NOT_HASHED_NONIMPORTABLE
official_sitcom	/egr/research-pac/huang248/external/SITCOM_ODE	dataset/ffhq_available25/00013.png	DATASET	False			NOT_HASHED_NONIMPORTABLE
official_sitcom	/egr/research-pac/huang248/external/SITCOM_ODE	dataset/ffhq_available25/00014.png	DATASET	False			NOT_HASHED_NONIMPORTABLE
official_sitcom	/egr/research-pac/huang248/external/SITCOM_ODE	dataset/ffhq_available25/00015.png	DATASET	False			NOT_HASHED_NONIMPORTABLE
official_sitcom	/egr/research-pac/huang248/external/SITCOM_ODE	dataset/ffhq_available25/00016.png	DATASET	False			NOT_HASHED_NONIMPORTABLE
official_sitcom	/egr/research-pac/huang248/external/SITCOM_ODE	dataset/ffhq_available25/00017.png	DATASET	False			NOT_HASHED_NONIMPORTABLE
official_sitcom	/egr/research-pac/huang248/external/SITCOM_ODE	dataset/ffhq_available25/00018.png	DATASET	False			NOT_HASHED_NONIMPORTABLE
official_sitcom	/egr/research-pac/huang248/external/SITCOM_ODE	dataset/ffhq_available25/00019.png	DATASET	False			NOT_HASHED_NONIMPORTABLE
official_sitcom	/egr/research-pac/huang248/external/SITCOM_ODE	dataset/ffhq_available25/00020.png	DATASET	False			NOT_HASHED_NONIMPORTABLE
official_sitcom	/egr/research-pac/huang248/external/SITCOM_ODE	dataset/ffhq_available25/00021.png	DATASET	False			NOT_HASHED_NONIMPORTABLE
official_sitcom	/egr/research-pac/huang248/external/SITCOM_ODE	dataset/ffhq_available25/00022.png	DATASET	False			NOT_HASHED_NONIMPORTABLE
official_sitcom	/egr/research-pac/huang248/external/SITCOM_ODE	dataset/ffhq_available25/00023.png	DATASET	False			NOT_HASHED_NONIMPORTABLE
official_sitcom	/egr/research-pac/huang248/external/SITCOM_ODE	dataset/ffhq_available25/00024.png	DATASET	False			NOT_HASHED_NONIMPORTABLE
official_sitcom	/egr/research-pac/huang248/external/SITCOM_ODE	dataset/imagenet_available25/00000_ILSVRC2012_val_00001436.JPEG	DATASET	False			NOT_HASHED_NONIMPORTABLE
official_sitcom	/egr/research-pac/huang248/external/SITCOM_ODE	dataset/imagenet_available25/00001_ILSVRC2012_val_00003571.JPEG	DATASET	False			NOT_HASHED_NONIMPORTABLE
official_sitcom	/egr/research-pac/huang248/external/SITCOM_ODE	dataset/imagenet_available25/00002_ILSVRC2012_val_00004067.JPEG	DATASET	False			NOT_HASHED_NONIMPORTABLE
official_sitcom	/egr/research-pac/huang248/external/SITCOM_ODE	dataset/imagenet_available25/00003_ILSVRC2012_val_00009008.JPEG	DATASET	False			NOT_HASHED_NONIMPORTABLE
official_sitcom	/egr/research-pac/huang248/external/SITCOM_ODE	dataset/imagenet_available25/00004_ILSVRC2012_val_00010788.JPEG	DATASET	False			NOT_HASHED_NONIMPORTABLE
official_sitcom	/egr/research-pac/huang248/external/SITCOM_ODE	dataset/imagenet_available25/00005_ILSVRC2012_val_00017647.JPEG	DATASET	False			NOT_HASHED_NONIMPORTABLE
official_sitcom	/egr/research-pac/huang248/external/SITCOM_ODE	dataset/imagenet_available25/00006_ILSVRC2012_val_00018434.JPEG	DATASET	False			NOT_HASHED_NONIMPORTABLE
official_sitcom	/egr/research-pac/huang248/external/SITCOM_ODE	dataset/imagenet_available25/00007_ILSVRC2012_val_00019806.JPEG	DATASET	False			NOT_HASHED_NONIMPORTABLE
official_sitcom	/egr/research-pac/huang248/external/SITCOM_ODE	dataset/imagenet_available25/00008_ILSVRC2012_val_00020619.JPEG	DATASET	False			NOT_HASHED_NONIMPORTABLE
official_sitcom	/egr/research-pac/huang248/external/SITCOM_ODE	dataset/imagenet_available25/00009_ILSVRC2012_val_00021692.JPEG	DATASET	False			NOT_HASHED_NONIMPORTABLE
official_sitcom	/egr/research-pac/huang248/external/SITCOM_ODE	dataset/imagenet_available25/00010_ILSVRC2012_val_00024733.JPEG	DATASET	False			NOT_HASHED_NONIMPORTABLE
official_sitcom	/egr/research-pac/huang248/external/SITCOM_ODE	dataset/imagenet_available25/00011_ILSVRC2012_val_00025218.JPEG	DATASET	False			NOT_HASHED_NONIMPORTABLE
official_sitcom	/egr/research-pac/huang248/external/SITCOM_ODE	dataset/imagenet_available25/00012_ILSVRC2012_val_00026623.JPEG	DATASET	False			NOT_HASHED_NONIMPORTABLE
official_sitcom	/egr/research-pac/huang248/external/SITCOM_ODE	dataset/imagenet_available25/00013_ILSVRC2012_val_00029436.JPEG	DATASET	False			NOT_HASHED_NONIMPORTABLE
official_sitcom	/egr/research-pac/huang248/external/SITCOM_ODE	dataset/imagenet_available25/00014_ILSVRC2012_val_00030130.JPEG	DATASET	False			NOT_HASHED_NONIMPORTABLE
official_sitcom	/egr/research-pac/huang248/external/SITCOM_ODE	dataset/imagenet_available25/00015_ILSVRC2012_val_00030973.JPEG	DATASET	False			NOT_HASHED_NONIMPORTABLE
official_sitcom	/egr/research-pac/huang248/external/SITCOM_ODE	dataset/imagenet_available25/00016_ILSVRC2012_val_00031414.JPEG	DATASET	False			NOT_HASHED_NONIMPORTABLE
official_sitcom	/egr/research-pac/huang248/external/SITCOM_ODE	dataset/imagenet_available25/00017_ILSVRC2012_val_00033239.JPEG	DATASET	False			NOT_HASHED_NONIMPORTABLE
official_sitcom	/egr/research-pac/huang248/external/SITCOM_ODE	dataset/imagenet_available25/00018_ILSVRC2012_val_00036597.JPEG	DATASET	False			NOT_HASHED_NONIMPORTABLE
official_sitcom	/egr/research-pac/huang248/external/SITCOM_ODE	dataset/imagenet_available25/00019_ILSVRC2012_val_00039110.JPEG	DATASET	False			NOT_HASHED_NONIMPORTABLE
official_sitcom	/egr/research-pac/huang248/external/SITCOM_ODE	dataset/imagenet_available25/00020_ILSVRC2012_val_00039218.JPEG	DATASET	False			NOT_HASHED_NONIMPORTABLE
official_sitcom	/egr/research-pac/huang248/external/SITCOM_ODE	dataset/imagenet_available25/00021_ILSVRC2012_val_00040646.JPEG	DATASET	False			NOT_HASHED_NONIMPORTABLE
official_sitcom	/egr/research-pac/huang248/external/SITCOM_ODE	dataset/imagenet_available25/00022_ILSVRC2012_val_00042796.JPEG	DATASET	False			NOT_HASHED_NONIMPORTABLE
official_sitcom	/egr/research-pac/huang248/external/SITCOM_ODE	dataset/imagenet_available25/00023_ILSVRC2012_val_00043119.JPEG	DATASET	False			NOT_HASHED_NONIMPORTABLE
official_sitcom	/egr/research-pac/huang248/external/SITCOM_ODE	dataset/imagenet_available25/00024_ILSVRC2012_val_00043867.JPEG	DATASET	False			NOT_HASHED_NONIMPORTABLE
official_sitcom	/egr/research-pac/huang248/external/SITCOM_ODE	forward_operator/__pycache__/__init__.cpython-311.pyc	CACHE	False	22060		NOT_HASHED_NONIMPORTABLE
official_sitcom	/egr/research-pac/huang248/external/SITCOM_ODE	forward_operator/__pycache__/fastmri_utils.cpython-311.pyc	CACHE	False	8954		NOT_HASHED_NONIMPORTABLE
official_sitcom	/egr/research-pac/huang248/external/SITCOM_ODE	forward_operator/__pycache__/resizer.cpython-311.pyc	CACHE	False	9356		NOT_HASHED_NONIMPORTABLE
official_sitcom	/egr/research-pac/huang248/external/SITCOM_ODE	forward_operator/motionblur/README.md	OTHER_ARTIFACT	False	1928		NOT_HASHED_NONIMPORTABLE
official_sitcom	/egr/research-pac/huang248/external/SITCOM_ODE	forward_operator/motionblur/__init__.py	IMPORTABLE_SOURCE	True	0	e3b0c44298fc1c149afbf4c8996fb92427ae41e4649b934ca495991b7852b855	HASHED_IMPORTABLE_SOURCE
official_sitcom	/egr/research-pac/huang248/external/SITCOM_ODE	forward_operator/motionblur/__pycache__/__init__.cpython-311.pyc	CACHE	False	195		NOT_HASHED_NONIMPORTABLE
official_sitcom	/egr/research-pac/huang248/external/SITCOM_ODE	forward_operator/motionblur/__pycache__/__init__.cpython-38.pyc	CACHE	False	177		NOT_HASHED_NONIMPORTABLE
official_sitcom	/egr/research-pac/huang248/external/SITCOM_ODE	forward_operator/motionblur/__pycache__/__init__.cpython-39.pyc	CACHE	False	178		NOT_HASHED_NONIMPORTABLE
official_sitcom	/egr/research-pac/huang248/external/SITCOM_ODE	forward_operator/motionblur/__pycache__/motionblur.cpython-311.pyc	CACHE	False	16558		NOT_HASHED_NONIMPORTABLE
official_sitcom	/egr/research-pac/huang248/external/SITCOM_ODE	forward_operator/motionblur/__pycache__/motionblur.cpython-38.pyc	CACHE	False	10524		NOT_HASHED_NONIMPORTABLE
official_sitcom	/egr/research-pac/huang248/external/SITCOM_ODE	forward_operator/motionblur/__pycache__/motionblur.cpython-39.pyc	CACHE	False	10507		NOT_HASHED_NONIMPORTABLE
official_sitcom	/egr/research-pac/huang248/external/SITCOM_ODE	forward_operator/motionblur/environment.yaml	OTHER_ARTIFACT	False	306		NOT_HASHED_NONIMPORTABLE
official_sitcom	/egr/research-pac/huang248/external/SITCOM_ODE	forward_operator/motionblur/example_kernel/kernel0.png	DATASET	False	2347		NOT_HASHED_NONIMPORTABLE
official_sitcom	/egr/research-pac/huang248/external/SITCOM_ODE	forward_operator/motionblur/example_kernel/kernel100.png	DATASET	False	3513		NOT_HASHED_NONIMPORTABLE
official_sitcom	/egr/research-pac/huang248/external/SITCOM_ODE	forward_operator/motionblur/example_kernel/kernel25.png	DATASET	False	2301		NOT_HASHED_NONIMPORTABLE
official_sitcom	/egr/research-pac/huang248/external/SITCOM_ODE	forward_operator/motionblur/example_kernel/kernel50.png	DATASET	False	2351		NOT_HASHED_NONIMPORTABLE
official_sitcom	/egr/research-pac/huang248/external/SITCOM_ODE	forward_operator/motionblur/example_kernel/kernel75.png	DATASET	False	2202		NOT_HASHED_NONIMPORTABLE
official_sitcom	/egr/research-pac/huang248/external/SITCOM_ODE	forward_operator/motionblur/images/flag.png	DATASET	False	2503		NOT_HASHED_NONIMPORTABLE
official_sitcom	/egr/research-pac/huang248/external/SITCOM_ODE	forward_operator/motionblur/images/flagBLURRED.png	DATASET	False	24228		NOT_HASHED_NONIMPORTABLE
official_sitcom	/egr/research-pac/huang248/external/SITCOM_ODE	forward_operator/motionblur/images/moon.png	DATASET	False	273630		NOT_HASHED_NONIMPORTABLE
official_sitcom	/egr/research-pac/huang248/external/SITCOM_ODE	forward_operator/motionblur/intensity.png	DATASET	False	230184		NOT_HASHED_NONIMPORTABLE
official_sitcom	/egr/research-pac/huang248/external/SITCOM_ODE	forward_operator/motionblur/motionblur.py	IMPORTABLE_SOURCE	True	13126	71c81f9249d88dfdabbdb6481f07181a32844179fb7affe1f62836a9348815fc	HASHED_IMPORTABLE_SOURCE
official_sitcom	/egr/research-pac/huang248/external/SITCOM_ODE	model/__pycache__/__init__.cpython-311.pyc	CACHE	False	13235		NOT_HASHED_NONIMPORTABLE
official_sitcom	/egr/research-pac/huang248/external/SITCOM_ODE	model/__pycache__/precond.cpython-311.pyc	CACHE	False	15917		NOT_HASHED_NONIMPORTABLE
official_sitcom	/egr/research-pac/huang248/external/SITCOM_ODE	model/ddpm/__pycache__/fp16_util.cpython-311.pyc	CACHE	False	14139		NOT_HASHED_NONIMPORTABLE
official_sitcom	/egr/research-pac/huang248/external/SITCOM_ODE	model/ddpm/__pycache__/nn.cpython-311.pyc	CACHE	False	9621		NOT_HASHED_NONIMPORTABLE
official_sitcom	/egr/research-pac/huang248/external/SITCOM_ODE	model/ddpm/__pycache__/unet.cpython-311.pyc	CACHE	False	50289		NOT_HASHED_NONIMPORTABLE
official_sitcom	/egr/research-pac/huang248/external/SITCOM_ODE	model/edm/dnnlib/__pycache__/__init__.cpython-311.pyc	CACHE	False	273		NOT_HASHED_NONIMPORTABLE
official_sitcom	/egr/research-pac/huang248/external/SITCOM_ODE	model/edm/dnnlib/__pycache__/util.cpython-311.pyc	CACHE	False	26232		NOT_HASHED_NONIMPORTABLE
official_sitcom	/egr/research-pac/huang248/external/SITCOM_ODE	outputs/2026-04-25/22-22-11/.hydra/config.yaml	OUTPUT	False	1373		NOT_HASHED_NONIMPORTABLE
official_sitcom	/egr/research-pac/huang248/external/SITCOM_ODE	outputs/2026-04-25/22-22-11/.hydra/hydra.yaml	OUTPUT	False	4445		NOT_HASHED_NONIMPORTABLE
official_sitcom	/egr/research-pac/huang248/external/SITCOM_ODE	outputs/2026-04-25/22-22-11/.hydra/overrides.yaml	OUTPUT	False	500		NOT_HASHED_NONIMPORTABLE
official_sitcom	/egr/research-pac/huang248/external/SITCOM_ODE	outputs/2026-04-25/22-22-11/posterior_sample.log	OUTPUT	False	0		NOT_HASHED_NONIMPORTABLE
official_sitcom	/egr/research-pac/huang248/external/SITCOM_ODE	outputs/2026-04-25/22-51-41/.hydra/config.yaml	OUTPUT	False	1384		NOT_HASHED_NONIMPORTABLE
official_sitcom	/egr/research-pac/huang248/external/SITCOM_ODE	outputs/2026-04-25/22-51-41/.hydra/hydra.yaml	OUTPUT	False	4467		NOT_HASHED_NONIMPORTABLE
official_sitcom	/egr/research-pac/huang248/external/SITCOM_ODE	outputs/2026-04-25/22-51-41/.hydra/overrides.yaml	OUTPUT	False	511		NOT_HASHED_NONIMPORTABLE
official_sitcom	/egr/research-pac/huang248/external/SITCOM_ODE	outputs/2026-04-25/22-51-41/posterior_sample.log	OUTPUT	False	0		NOT_HASHED_NONIMPORTABLE
official_sitcom	/egr/research-pac/huang248/external/SITCOM_ODE	outputs/2026-04-25/22-54-58/.hydra/config.yaml	OUTPUT	False	1373		NOT_HASHED_NONIMPORTABLE
official_sitcom	/egr/research-pac/huang248/external/SITCOM_ODE	outputs/2026-04-25/22-54-58/.hydra/hydra.yaml	OUTPUT	False	4445		NOT_HASHED_NONIMPORTABLE
official_sitcom	/egr/research-pac/huang248/external/SITCOM_ODE	outputs/2026-04-25/22-54-58/.hydra/overrides.yaml	OUTPUT	False	500		NOT_HASHED_NONIMPORTABLE
official_sitcom	/egr/research-pac/huang248/external/SITCOM_ODE	outputs/2026-04-25/22-54-58/posterior_sample.log	OUTPUT	False	0		NOT_HASHED_NONIMPORTABLE
official_sitcom	/egr/research-pac/huang248/external/SITCOM_ODE	outputs/2026-04-25/22-57-08/.hydra/config.yaml	OUTPUT	False	1376		NOT_HASHED_NONIMPORTABLE
official_sitcom	/egr/research-pac/huang248/external/SITCOM_ODE	outputs/2026-04-25/22-57-08/.hydra/hydra.yaml	OUTPUT	False	4451		NOT_HASHED_NONIMPORTABLE
official_sitcom	/egr/research-pac/huang248/external/SITCOM_ODE	outputs/2026-04-25/22-57-08/.hydra/overrides.yaml	OUTPUT	False	503		NOT_HASHED_NONIMPORTABLE
official_sitcom	/egr/research-pac/huang248/external/SITCOM_ODE	outputs/2026-04-25/22-57-08/posterior_sample.log	OUTPUT	False	0		NOT_HASHED_NONIMPORTABLE
official_sitcom	/egr/research-pac/huang248/external/SITCOM_ODE	outputs/2026-04-25/23-01-29/.hydra/config.yaml	OUTPUT	False	1384		NOT_HASHED_NONIMPORTABLE
official_sitcom	/egr/research-pac/huang248/external/SITCOM_ODE	outputs/2026-04-25/23-01-29/.hydra/hydra.yaml	OUTPUT	False	4467		NOT_HASHED_NONIMPORTABLE
official_sitcom	/egr/research-pac/huang248/external/SITCOM_ODE	outputs/2026-04-25/23-01-29/.hydra/overrides.yaml	OUTPUT	False	511		NOT_HASHED_NONIMPORTABLE
official_sitcom	/egr/research-pac/huang248/external/SITCOM_ODE	outputs/2026-04-25/23-01-29/posterior_sample.log	OUTPUT	False	0		NOT_HASHED_NONIMPORTABLE
official_sitcom	/egr/research-pac/huang248/external/SITCOM_ODE	outputs/2026-04-25/23-08-07/.hydra/config.yaml	OUTPUT	False	1384		NOT_HASHED_NONIMPORTABLE
official_sitcom	/egr/research-pac/huang248/external/SITCOM_ODE	outputs/2026-04-25/23-08-07/.hydra/hydra.yaml	OUTPUT	False	4467		NOT_HASHED_NONIMPORTABLE
official_sitcom	/egr/research-pac/huang248/external/SITCOM_ODE	outputs/2026-04-25/23-08-07/.hydra/overrides.yaml	OUTPUT	False	511		NOT_HASHED_NONIMPORTABLE
official_sitcom	/egr/research-pac/huang248/external/SITCOM_ODE	outputs/2026-04-25/23-08-07/posterior_sample.log	OUTPUT	False	0		NOT_HASHED_NONIMPORTABLE
official_sitcom	/egr/research-pac/huang248/external/SITCOM_ODE	outputs/2026-04-29/15-52-22/.hydra/config.yaml	OUTPUT	False	1416		NOT_HASHED_NONIMPORTABLE
official_sitcom	/egr/research-pac/huang248/external/SITCOM_ODE	outputs/2026-04-29/15-52-22/.hydra/hydra.yaml	OUTPUT	False	4853		NOT_HASHED_NONIMPORTABLE
official_sitcom	/egr/research-pac/huang248/external/SITCOM_ODE	outputs/2026-04-29/15-52-22/.hydra/overrides.yaml	OUTPUT	False	698		NOT_HASHED_NONIMPORTABLE
official_sitcom	/egr/research-pac/huang248/external/SITCOM_ODE	outputs/2026-04-29/15-52-22/posterior_sample.log	OUTPUT	False	0		NOT_HASHED_NONIMPORTABLE
official_sitcom	/egr/research-pac/huang248/external/SITCOM_ODE	outputs/2026-04-29/16-39-06/.hydra/config.yaml	OUTPUT	False	1415		NOT_HASHED_NONIMPORTABLE
official_sitcom	/egr/research-pac/huang248/external/SITCOM_ODE	outputs/2026-04-29/16-39-06/.hydra/hydra.yaml	OUTPUT	False	4853		NOT_HASHED_NONIMPORTABLE
official_sitcom	/egr/research-pac/huang248/external/SITCOM_ODE	outputs/2026-04-29/16-39-06/.hydra/overrides.yaml	OUTPUT	False	698		NOT_HASHED_NONIMPORTABLE
official_sitcom	/egr/research-pac/huang248/external/SITCOM_ODE	outputs/2026-04-29/16-39-06/posterior_sample.log	OUTPUT	False	0		NOT_HASHED_NONIMPORTABLE
official_sitcom	/egr/research-pac/huang248/external/SITCOM_ODE	outputs/2026-04-29/16-57-41/.hydra/config.yaml	OUTPUT	False	1416		NOT_HASHED_NONIMPORTABLE
official_sitcom	/egr/research-pac/huang248/external/SITCOM_ODE	outputs/2026-04-29/16-57-41/.hydra/hydra.yaml	OUTPUT	False	4853		NOT_HASHED_NONIMPORTABLE
official_sitcom	/egr/research-pac/huang248/external/SITCOM_ODE	outputs/2026-04-29/16-57-41/.hydra/overrides.yaml	OUTPUT	False	698		NOT_HASHED_NONIMPORTABLE
official_sitcom	/egr/research-pac/huang248/external/SITCOM_ODE	outputs/2026-04-29/16-57-41/posterior_sample.log	OUTPUT	False	0		NOT_HASHED_NONIMPORTABLE
official_sitcom	/egr/research-pac/huang248/external/SITCOM_ODE	outputs/2026-04-29/17-15-32/.hydra/config.yaml	OUTPUT	False	1415		NOT_HASHED_NONIMPORTABLE
official_sitcom	/egr/research-pac/huang248/external/SITCOM_ODE	outputs/2026-04-29/17-15-32/.hydra/hydra.yaml	OUTPUT	False	4853		NOT_HASHED_NONIMPORTABLE
official_sitcom	/egr/research-pac/huang248/external/SITCOM_ODE	outputs/2026-04-29/17-15-32/.hydra/overrides.yaml	OUTPUT	False	698		NOT_HASHED_NONIMPORTABLE
official_sitcom	/egr/research-pac/huang248/external/SITCOM_ODE	outputs/2026-04-29/17-15-32/posterior_sample.log	OUTPUT	False	0		NOT_HASHED_NONIMPORTABLE
official_sitcom	/egr/research-pac/huang248/external/SITCOM_ODE	outputs/2026-04-29/17-33-21/.hydra/config.yaml	OUTPUT	False	1415		NOT_HASHED_NONIMPORTABLE
official_sitcom	/egr/research-pac/huang248/external/SITCOM_ODE	outputs/2026-04-29/17-33-21/.hydra/hydra.yaml	OUTPUT	False	4853		NOT_HASHED_NONIMPORTABLE
official_sitcom	/egr/research-pac/huang248/external/SITCOM_ODE	outputs/2026-04-29/17-33-21/.hydra/overrides.yaml	OUTPUT	False	698		NOT_HASHED_NONIMPORTABLE
official_sitcom	/egr/research-pac/huang248/external/SITCOM_ODE	outputs/2026-04-29/17-33-21/posterior_sample.log	OUTPUT	False	0		NOT_HASHED_NONIMPORTABLE
official_sitcom	/egr/research-pac/huang248/external/SITCOM_ODE	outputs/2026-04-29/17-54-39/.hydra/config.yaml	OUTPUT	False	1415		NOT_HASHED_NONIMPORTABLE
official_sitcom	/egr/research-pac/huang248/external/SITCOM_ODE	outputs/2026-04-29/17-54-39/.hydra/hydra.yaml	OUTPUT	False	4853		NOT_HASHED_NONIMPORTABLE
official_sitcom	/egr/research-pac/huang248/external/SITCOM_ODE	outputs/2026-04-29/17-54-39/.hydra/overrides.yaml	OUTPUT	False	698		NOT_HASHED_NONIMPORTABLE
official_sitcom	/egr/research-pac/huang248/external/SITCOM_ODE	outputs/2026-04-29/17-54-39/posterior_sample.log	OUTPUT	False	0		NOT_HASHED_NONIMPORTABLE
official_sitcom	/egr/research-pac/huang248/external/SITCOM_ODE	outputs/2026-04-30/15-20-03/.hydra/config.yaml	OUTPUT	False	1422		NOT_HASHED_NONIMPORTABLE
official_sitcom	/egr/research-pac/huang248/external/SITCOM_ODE	outputs/2026-04-30/15-20-03/.hydra/hydra.yaml	OUTPUT	False	4867		NOT_HASHED_NONIMPORTABLE
official_sitcom	/egr/research-pac/huang248/external/SITCOM_ODE	outputs/2026-04-30/15-20-03/.hydra/overrides.yaml	OUTPUT	False	703		NOT_HASHED_NONIMPORTABLE
official_sitcom	/egr/research-pac/huang248/external/SITCOM_ODE	outputs/2026-04-30/15-20-03/posterior_sample.log	OUTPUT	False	0		NOT_HASHED_NONIMPORTABLE
official_sitcom	/egr/research-pac/huang248/external/SITCOM_ODE	outputs/2026-05-08/14-32-01/.hydra/config.yaml	OUTPUT	False	1422		NOT_HASHED_NONIMPORTABLE
official_sitcom	/egr/research-pac/huang248/external/SITCOM_ODE	outputs/2026-05-08/14-32-01/.hydra/hydra.yaml	OUTPUT	False	4867		NOT_HASHED_NONIMPORTABLE
official_sitcom	/egr/research-pac/huang248/external/SITCOM_ODE	outputs/2026-05-08/14-32-01/.hydra/overrides.yaml	OUTPUT	False	703		NOT_HASHED_NONIMPORTABLE
official_sitcom	/egr/research-pac/huang248/external/SITCOM_ODE	outputs/2026-05-08/14-32-01/posterior_sample.log	OUTPUT	False	0		NOT_HASHED_NONIMPORTABLE
official_sitcom	/egr/research-pac/huang248/external/SITCOM_ODE	outputs/2026-05-08/14-37-35/.hydra/config.yaml	OUTPUT	False	1435		NOT_HASHED_NONIMPORTABLE
official_sitcom	/egr/research-pac/huang248/external/SITCOM_ODE	outputs/2026-05-08/14-37-35/.hydra/hydra.yaml	OUTPUT	False	4895		NOT_HASHED_NONIMPORTABLE
official_sitcom	/egr/research-pac/huang248/external/SITCOM_ODE	outputs/2026-05-08/14-37-35/.hydra/overrides.yaml	OUTPUT	False	717		NOT_HASHED_NONIMPORTABLE
official_sitcom	/egr/research-pac/huang248/external/SITCOM_ODE	outputs/2026-05-08/14-37-35/posterior_sample.log	OUTPUT	False	0		NOT_HASHED_NONIMPORTABLE
official_sitcom	/egr/research-pac/huang248/external/SITCOM_ODE	outputs/2026-05-08/15-30-13/.hydra/config.yaml	OUTPUT	False	1438		NOT_HASHED_NONIMPORTABLE
official_sitcom	/egr/research-pac/huang248/external/SITCOM_ODE	outputs/2026-05-08/15-30-13/.hydra/hydra.yaml	OUTPUT	False	4899		NOT_HASHED_NONIMPORTABLE
official_sitcom	/egr/research-pac/huang248/external/SITCOM_ODE	outputs/2026-05-08/15-30-13/.hydra/overrides.yaml	OUTPUT	False	719		NOT_HASHED_NONIMPORTABLE
official_sitcom	/egr/research-pac/huang248/external/SITCOM_ODE	outputs/2026-05-08/15-30-13/posterior_sample.log	OUTPUT	False	0		NOT_HASHED_NONIMPORTABLE
official_sitcom	/egr/research-pac/huang248/external/SITCOM_ODE	outputs/2026-05-08/16-23-11/.hydra/config.yaml	OUTPUT	False	1436		NOT_HASHED_NONIMPORTABLE
official_sitcom	/egr/research-pac/huang248/external/SITCOM_ODE	outputs/2026-05-08/16-23-11/.hydra/hydra.yaml	OUTPUT	False	4895		NOT_HASHED_NONIMPORTABLE
official_sitcom	/egr/research-pac/huang248/external/SITCOM_ODE	outputs/2026-05-08/16-23-11/.hydra/overrides.yaml	OUTPUT	False	717		NOT_HASHED_NONIMPORTABLE
official_sitcom	/egr/research-pac/huang248/external/SITCOM_ODE	outputs/2026-05-08/16-23-11/posterior_sample.log	OUTPUT	False	0		NOT_HASHED_NONIMPORTABLE
official_sitcom	/egr/research-pac/huang248/external/SITCOM_ODE	outputs/2026-05-08/17-16-00/.hydra/config.yaml	OUTPUT	False	1436		NOT_HASHED_NONIMPORTABLE
official_sitcom	/egr/research-pac/huang248/external/SITCOM_ODE	outputs/2026-05-08/17-16-00/.hydra/hydra.yaml	OUTPUT	False	4895		NOT_HASHED_NONIMPORTABLE
official_sitcom	/egr/research-pac/huang248/external/SITCOM_ODE	outputs/2026-05-08/17-16-00/.hydra/overrides.yaml	OUTPUT	False	717		NOT_HASHED_NONIMPORTABLE
official_sitcom	/egr/research-pac/huang248/external/SITCOM_ODE	outputs/2026-05-08/17-16-00/posterior_sample.log	OUTPUT	False	0		NOT_HASHED_NONIMPORTABLE
official_sitcom	/egr/research-pac/huang248/external/SITCOM_ODE	outputs/2026-05-08/18-08-26/.hydra/config.yaml	OUTPUT	False	1435		NOT_HASHED_NONIMPORTABLE
official_sitcom	/egr/research-pac/huang248/external/SITCOM_ODE	outputs/2026-05-08/18-08-26/.hydra/hydra.yaml	OUTPUT	False	4895		NOT_HASHED_NONIMPORTABLE
official_sitcom	/egr/research-pac/huang248/external/SITCOM_ODE	outputs/2026-05-08/18-08-26/.hydra/overrides.yaml	OUTPUT	False	717		NOT_HASHED_NONIMPORTABLE
official_sitcom	/egr/research-pac/huang248/external/SITCOM_ODE	outputs/2026-05-08/18-08-26/posterior_sample.log	OUTPUT	False	0		NOT_HASHED_NONIMPORTABLE
official_sitcom	/egr/research-pac/huang248/external/SITCOM_ODE	outputs/2026-05-08/19-00-54/.hydra/config.yaml	OUTPUT	False	1435		NOT_HASHED_NONIMPORTABLE
official_sitcom	/egr/research-pac/huang248/external/SITCOM_ODE	outputs/2026-05-08/19-00-54/.hydra/hydra.yaml	OUTPUT	False	4895		NOT_HASHED_NONIMPORTABLE
official_sitcom	/egr/research-pac/huang248/external/SITCOM_ODE	outputs/2026-05-08/19-00-54/.hydra/overrides.yaml	OUTPUT	False	717		NOT_HASHED_NONIMPORTABLE
official_sitcom	/egr/research-pac/huang248/external/SITCOM_ODE	outputs/2026-05-08/19-00-54/posterior_sample.log	OUTPUT	False	0		NOT_HASHED_NONIMPORTABLE
official_sitcom	/egr/research-pac/huang248/external/SITCOM_ODE	outputs/2026-05-08/19-53-20/.hydra/config.yaml	OUTPUT	False	1435		NOT_HASHED_NONIMPORTABLE
official_sitcom	/egr/research-pac/huang248/external/SITCOM_ODE	outputs/2026-05-08/19-53-20/.hydra/hydra.yaml	OUTPUT	False	4895		NOT_HASHED_NONIMPORTABLE
official_sitcom	/egr/research-pac/huang248/external/SITCOM_ODE	outputs/2026-05-08/19-53-20/.hydra/overrides.yaml	OUTPUT	False	717		NOT_HASHED_NONIMPORTABLE
official_sitcom	/egr/research-pac/huang248/external/SITCOM_ODE	outputs/2026-05-08/19-53-20/posterior_sample.log	OUTPUT	False	0		NOT_HASHED_NONIMPORTABLE
official_sitcom	/egr/research-pac/huang248/external/SITCOM_ODE	outputs/2026-05-09/19-22-35/.hydra/config.yaml	OUTPUT	False	1320		NOT_HASHED_NONIMPORTABLE
official_sitcom	/egr/research-pac/huang248/external/SITCOM_ODE	outputs/2026-05-09/19-22-35/.hydra/hydra.yaml	OUTPUT	False	4327		NOT_HASHED_NONIMPORTABLE
official_sitcom	/egr/research-pac/huang248/external/SITCOM_ODE	outputs/2026-05-09/19-22-35/.hydra/overrides.yaml	OUTPUT	False	439		NOT_HASHED_NONIMPORTABLE
official_sitcom	/egr/research-pac/huang248/external/SITCOM_ODE	outputs/2026-05-09/19-22-35/posterior_sample.log	OUTPUT	False	0		NOT_HASHED_NONIMPORTABLE
official_sitcom	/egr/research-pac/huang248/external/SITCOM_ODE	outputs/2026-05-09/23-36-40/.hydra/config.yaml	OUTPUT	False	1319		NOT_HASHED_NONIMPORTABLE
official_sitcom	/egr/research-pac/huang248/external/SITCOM_ODE	outputs/2026-05-09/23-36-40/.hydra/hydra.yaml	OUTPUT	False	4327		NOT_HASHED_NONIMPORTABLE
official_sitcom	/egr/research-pac/huang248/external/SITCOM_ODE	outputs/2026-05-09/23-36-40/.hydra/overrides.yaml	OUTPUT	False	439		NOT_HASHED_NONIMPORTABLE
official_sitcom	/egr/research-pac/huang248/external/SITCOM_ODE	outputs/2026-05-09/23-36-40/posterior_sample.log	OUTPUT	False	0		NOT_HASHED_NONIMPORTABLE
official_sitcom	/egr/research-pac/huang248/external/SITCOM_ODE	outputs/2026-06-10/00-23-01/.hydra/config.yaml	OUTPUT	False	1443		NOT_HASHED_NONIMPORTABLE
official_sitcom	/egr/research-pac/huang248/external/SITCOM_ODE	outputs/2026-06-10/00-23-01/.hydra/hydra.yaml	OUTPUT	False	4753		NOT_HASHED_NONIMPORTABLE
official_sitcom	/egr/research-pac/huang248/external/SITCOM_ODE	outputs/2026-06-10/00-23-01/.hydra/overrides.yaml	OUTPUT	False	650		NOT_HASHED_NONIMPORTABLE
official_sitcom	/egr/research-pac/huang248/external/SITCOM_ODE	outputs/2026-06-10/00-23-01/posterior_sample.log	OUTPUT	False	0		NOT_HASHED_NONIMPORTABLE
official_sitcom	/egr/research-pac/huang248/external/SITCOM_ODE	outputs/2026-06-10/01-22-40/.hydra/config.yaml	OUTPUT	False	1434		NOT_HASHED_NONIMPORTABLE
official_sitcom	/egr/research-pac/huang248/external/SITCOM_ODE	outputs/2026-06-10/01-22-40/.hydra/hydra.yaml	OUTPUT	False	4735		NOT_HASHED_NONIMPORTABLE
official_sitcom	/egr/research-pac/huang248/external/SITCOM_ODE	outputs/2026-06-10/01-22-40/.hydra/overrides.yaml	OUTPUT	False	641		NOT_HASHED_NONIMPORTABLE
official_sitcom	/egr/research-pac/huang248/external/SITCOM_ODE	outputs/2026-06-10/01-22-40/posterior_sample.log	OUTPUT	False	0		NOT_HASHED_NONIMPORTABLE
official_sitcom	/egr/research-pac/huang248/external/SITCOM_ODE	outputs/2026-06-10/01-39-32/.hydra/config.yaml	OUTPUT	False	1446		NOT_HASHED_NONIMPORTABLE
official_sitcom	/egr/research-pac/huang248/external/SITCOM_ODE	outputs/2026-06-10/01-39-32/.hydra/hydra.yaml	OUTPUT	False	4759		NOT_HASHED_NONIMPORTABLE
official_sitcom	/egr/research-pac/huang248/external/SITCOM_ODE	outputs/2026-06-10/01-39-32/.hydra/overrides.yaml	OUTPUT	False	653		NOT_HASHED_NONIMPORTABLE
official_sitcom	/egr/research-pac/huang248/external/SITCOM_ODE	outputs/2026-06-10/01-39-32/posterior_sample.log	OUTPUT	False	0		NOT_HASHED_NONIMPORTABLE
official_sitcom	/egr/research-pac/huang248/external/SITCOM_ODE	outputs/2026-06-10/01-56-38/.hydra/config.yaml	OUTPUT	False	1446		NOT_HASHED_NONIMPORTABLE
official_sitcom	/egr/research-pac/huang248/external/SITCOM_ODE	outputs/2026-06-10/01-56-38/.hydra/hydra.yaml	OUTPUT	False	4759		NOT_HASHED_NONIMPORTABLE
official_sitcom	/egr/research-pac/huang248/external/SITCOM_ODE	outputs/2026-06-10/01-56-38/.hydra/overrides.yaml	OUTPUT	False	653		NOT_HASHED_NONIMPORTABLE
official_sitcom	/egr/research-pac/huang248/external/SITCOM_ODE	outputs/2026-06-10/01-56-38/posterior_sample.log	OUTPUT	False	0		NOT_HASHED_NONIMPORTABLE
official_sitcom	/egr/research-pac/huang248/external/SITCOM_ODE	outputs/2026-06-10/02-13-34/.hydra/config.yaml	OUTPUT	False	1445		NOT_HASHED_NONIMPORTABLE
official_sitcom	/egr/research-pac/huang248/external/SITCOM_ODE	outputs/2026-06-10/02-13-34/.hydra/hydra.yaml	OUTPUT	False	4759		NOT_HASHED_NONIMPORTABLE
official_sitcom	/egr/research-pac/huang248/external/SITCOM_ODE	outputs/2026-06-10/02-13-34/.hydra/overrides.yaml	OUTPUT	False	653		NOT_HASHED_NONIMPORTABLE
official_sitcom	/egr/research-pac/huang248/external/SITCOM_ODE	outputs/2026-06-10/02-13-34/posterior_sample.log	OUTPUT	False	0		NOT_HASHED_NONIMPORTABLE
official_sitcom	/egr/research-pac/huang248/external/SITCOM_ODE	run_ffhq25_noise_sweep.sh	OTHER_ARTIFACT	False	1666		NOT_HASHED_NONIMPORTABLE
official_sitcom	/egr/research-pac/huang248/external/SITCOM_ODE	run_imagenet25_noise_sweep.sh	OTHER_ARTIFACT	False	1736		NOT_HASHED_NONIMPORTABLE
np_sitcom_fork	/egr/research-pac/huang248/external/SITCOM_ODE_npsitcom	npsitcom_handoff_sample.py.bak_B5C_20260622_175411	OTHER_ARTIFACT	False	6404		NOT_HASHED_NONIMPORTABLE
np_sitcom_fork	/egr/research-pac/huang248/external/SITCOM_ODE_npsitcom	npsitcom_handoff_sample.py.bak_B6A6_20260622_181231	OTHER_ARTIFACT	False	6404		NOT_HASHED_NONIMPORTABLE
np_sitcom_fork	/egr/research-pac/huang248/external/SITCOM_ODE_npsitcom	npsitcom_handoff_sample.py.bak_B6A_20260622_180742	OTHER_ARTIFACT	False	6404		NOT_HASHED_NONIMPORTABLE
np_sitcom_fork	/egr/research-pac/huang248/external/SITCOM_ODE_npsitcom	npsitcom_handoff_sample.py.bak_B6B_20260622_182151	OTHER_ARTIFACT	False	6404		NOT_HASHED_NONIMPORTABLE
np_sitcom_fork	/egr/research-pac/huang248/external/SITCOM_ODE_npsitcom	npsitcom_handoff_sample.py.bak_B6C_20260622_183023	OTHER_ARTIFACT	False	6404		NOT_HASHED_NONIMPORTABLE
np_sitcom_fork	/egr/research-pac/huang248/external/SITCOM_ODE_npsitcom	npsitcom_handoff_sample.py.bak_B7_20260622_193407	OTHER_ARTIFACT	False	6404		NOT_HASHED_NONIMPORTABLE
np_sitcom_fork	/egr/research-pac/huang248/external/SITCOM_ODE_npsitcom	npsitcom_handoff_sample.py.bak_B8A_20260622_201024	OTHER_ARTIFACT	False	6404		NOT_HASHED_NONIMPORTABLE
